trial_number,trial_time_secs,trial_time_frames,cum_trial_time_secs,cum_trial_time_frames,block_number,run_number,image_number,image_agesexcat_ref,image_agesexemocat_ref,image_number_ref,image_age,image_age_ref,image_sex,image_sex_ref,location_name,location,location_x,location_y,target_emotion,target_emotion_ref,target_id,target_fullid,target_imagename,target_pos_ref,mask_secs,mask_frames,mask_id,mask_fullid,mask_imagename,mask_pos_ref,soa_ref,soa_secs,soa_frames,jitter_ref,jitter_secs,jitter_frames,response_secs,response_frames
1,2.18391514800006,262,2.36729733600006,284,1,1,87,1,2,14,middle,1,male,1,left,1,616.443307866211,540,happy,2,m_m_h,middle_male_happy,087_m_m_h_a.jpg,2,0.100026648000003,12,m_m_n,middle_male_neutral,087_m_m_n_a.jpg,3,4,0.0416777700000011,5,6,0.541811010000015,65,1.50039972000004,180
2,2.08388850000006,250,4.22612587800012,507,1,1,62,3,5,10,young,2,male,1,left,1,616.443307866211,540,fear,1,y_m_f,young_male_fear,062_y_m_f_a.jpg,7,0.100026648000003,12,y_m_n,young_male_neutral,062_y_m_n_a.jpg,9,10,0.250066620000007,30,3,0.233395512000006,28,1.50039972000004,180
3,2.28394179600006,274,6.09328997400017,731,1,1,81,3,5,13,young,2,male,1,right,2,1303.55669213379,540,fear,1,y_m_f,young_male_fear,081_y_m_f_a.jpg,7,0.100026648000003,12,y_m_n,young_male_neutral,081_y_m_n_a.jpg,9,3,0.0333422160000009,4,7,0.650173212000018,78,1.50039972000004,180
4,1.92551297400005,231,7.86042742200022,943,1,1,58,1,2,9,middle,1,male,1,right,2,1303.55669213379,540,happy,2,m_m_h,middle_male_happy,058_m_m_h_a.jpg,2,0.100026648000003,12,m_m_n,middle_male_neutral,058_m_m_n_a.jpg,3,9,0.200053296000005,24,2,0.125033310000003,15,1.50039972000004,180
5,1.75880189400005,211,9.95265147600027,1194,1,1,84,2,3,13,middle,1,female,2,right,2,1303.55669213379,540,fear,1,m_f_f,middle_female_fear,084_m_f_f_a.jpg,4,0.100026648000003,12,m_f_n,middle_female_neutral,084_m_f_n_a.jpg,6,3,0.0333422160000009,4,2,0.125033310000003,15,1.50039972000004,180
6,2.05888183800006,247,11.7531311400003,1410,1,1,10,4,7,1,young,2,female,2,right,2,1303.55669213379,540,fear,1,y_f_f,young_female_fear,010_y_f_f_a.jpg,10,0.100026648000003,12,y_f_n,young_female_neutral,010_y_f_n_a.jpg,12,1,0.0166711080000005,2,5,0.441784362000012,53,1.50039972000004,180
7,2.03387517600006,244,14.2037840160004,1704,1,1,57,3,5,9,young,2,male,1,left,1,616.443307866211,540,fear,1,y_m_f,young_male_fear,057_y_m_f_a.jpg,7,0.100026648000003,12,y_m_n,young_male_neutral,057_y_m_n_a.jpg,9,9,0.200053296000005,24,3,0.233395512000006,28,1.50039972000004,180
8,1.72545967800005,207,16.4960613660005,1979,1,1,51,1,2,7,middle,1,male,1,right,2,1303.55669213379,540,happy,2,m_m_h,middle_male_happy,051_m_m_h_a.jpg,2,0.100026648000003,12,m_m_n,middle_male_neutral,051_m_m_n_a.jpg,3,7,0.100026648000003,12,1,0.0250066620000007,3,1.50039972000004,180
9,2.24226402600006,269,18.9467142420005,2273,1,1,61,2,4,9,middle,1,female,2,right,2,1303.55669213379,540,happy,2,m_f_h,middle_female_happy,061_m_f_h_a.jpg,5,0.100026648000003,12,m_f_n,middle_female_neutral,061_m_f_n_a.jpg,6,9,0.200053296000005,24,5,0.441784362000012,53,1.50039972000004,180
10,1.80047966400005,216,20.9222405400006,2510,1,1,103,2,4,16,middle,1,female,2,right,2,1303.55669213379,540,happy,2,m_f_h,middle_female_happy,103_m_f_h_a.jpg,5,0.100026648000003,12,m_f_n,middle_female_neutral,103_m_f_n_a.jpg,6,6,0.0750199860000021,9,2,0.125033310000003,15,1.50039972000004,180
11,2.32561956600006,279,22.5643446780006,2707,1,1,105,3,5,16,young,2,male,1,right,2,1303.55669213379,540,fear,1,y_m_f,young_male_fear,105_y_m_f_a.jpg,7,0.100026648000003,12,y_m_n,young_male_neutral,105_y_m_n_a.jpg,9,6,0.0750199860000021,9,7,0.650173212000018,78,1.50039972000004,180
12,1.80047966400005,216,24.4231732200007,2930,1,1,45,1,1,6,middle,1,male,1,right,2,1303.55669213379,540,fear,1,m_m_f,middle_male_fear,045_m_m_f_a.jpg,1,0.100026648000003,12,m_m_n,middle_male_neutral,045_m_m_n_a.jpg,3,6,0.0750199860000021,9,2,0.125033310000003,15,1.50039972000004,180
13,2.14223737800006,257,26.0819484660007,3129,1,1,109,3,5,17,young,2,male,1,right,2,1303.55669213379,540,fear,1,y_m_f,young_male_fear,109_y_m_f_a.jpg,7,0.100026648000003,12,y_m_n,young_male_neutral,109_y_m_n_a.jpg,9,7,0.100026648000003,12,5,0.441784362000012,53,1.50039972000004,180
14,2.03387517600006,244,28.1658369660008,3379,1,1,48,4,8,7,young,2,female,2,right,2,1303.55669213379,540,happy,2,y_f_h,young_female_happy,048_y_f_h_a.jpg,11,0.100026648000003,12,y_f_n,young_female_neutral,048_y_f_n_a.jpg,12,7,0.100026648000003,12,4,0.333422160000009,40,1.50039972000004,180
15,2.36729733600006,284,29.8412833200008,3580,1,1,70,1,1,11,middle,1,male,1,left,1,616.443307866211,540,fear,1,m_m_f,middle_male_fear,070_m_m_f_a.jpg,1,0.100026648000003,12,m_m_n,middle_male_neutral,070_m_m_n_a.jpg,3,1,0.0166711080000005,2,8,0.750199860000021,90,1.50039972000004,180
16,2.14223737800006,257,31.7501251860009,3809,1,1,48,4,7,7,young,2,female,2,right,2,1303.55669213379,540,fear,1,y_f_f,young_female_fear,048_y_f_f_a.jpg,10,0.100026648000003,12,y_f_n,young_female_neutral,048_y_f_n_a.jpg,12,7,0.100026648000003,12,5,0.441784362000012,53,1.50039972000004,180
17,2.34229067400006,281,33.6839737140009,4041,1,1,132,4,8,19,young,2,female,2,left,1,616.443307866211,540,happy,2,y_f_h,young_female_happy,132_y_f_h_a.jpg,11,0.100026648000003,12,y_f_n,young_female_neutral,132_y_f_n_a.jpg,12,9,0.200053296000005,24,6,0.541811010000015,65,1.50039972000004,180
18,1.77547300200005,213,35.876224416001,4304,1,1,31,3,6,5,young,2,male,1,left,1,616.443307866211,540,happy,2,y_m_h,young_male_happy,031_y_m_h_a.jpg,8,0.100026648000003,12,y_m_n,young_male_neutral,031_y_m_n_a.jpg,9,5,0.0500133240000014,6,2,0.125033310000003,15,1.50039972000004,180
19,2.07555294600006,249,37.801737390001,4535,1,1,22,4,7,3,young,2,female,2,left,1,616.443307866211,540,fear,1,y_f_f,young_female_fear,022_y_f_f_a.jpg,10,0.100026648000003,12,y_f_n,young_female_neutral,022_y_f_n_a.jpg,12,3,0.0333422160000009,4,5,0.441784362000012,53,1.50039972000004,180
20,2.45065287600007,294,40.1940413880011,4822,1,1,117,2,3,19,middle,1,female,2,left,1,616.443307866211,540,fear,1,m_f_f,middle_female_fear,117_m_f_f_a.jpg,4,0.100026648000003,12,m_f_n,middle_female_neutral,117_m_f_n_a.jpg,6,9,0.200053296000005,24,7,0.650173212000018,78,1.50039972000004,180
21,2.40063955200007,288,42.3529498740012,5081,1,1,113,2,4,18,middle,1,female,2,right,2,1303.55669213379,540,happy,2,m_f_h,middle_female_happy,113_m_f_h_a.jpg,5,0.100026648000003,12,m_f_n,middle_female_neutral,113_m_f_n_a.jpg,6,8,0.150039972000004,18,7,0.650173212000018,78,1.50039972000004,180
22,1.65877524600005,199,44.4201672660012,5329,1,1,82,1,1,13,middle,1,male,1,right,2,1303.55669213379,540,fear,1,m_m_f,middle_male_fear,082_m_m_f_a.jpg,1,0.100026648000003,12,m_m_n,middle_male_neutral,082_m_m_n_a.jpg,3,3,0.0333422160000009,4,1,0.0250066620000007,3,1.50039972000004,180
23,2.37563289000007,285,46.0789425120013,5528,1,1,80,2,4,12,middle,1,female,2,left,1,616.443307866211,540,happy,2,m_f_h,middle_female_happy,080_m_f_h_a.jpg,5,0.100026648000003,12,m_f_n,middle_female_neutral,080_m_f_n_a.jpg,6,2,0.0250066620000007,3,8,0.750199860000021,90,1.50039972000004,180
24,2.17557959400006,261,48.3712198620013,5803,1,1,19,2,4,3,middle,1,female,2,left,1,616.443307866211,540,happy,2,m_f_h,middle_female_happy,019_m_f_h_a.jpg,5,0.100026648000003,12,m_f_n,middle_female_neutral,019_m_f_n_a.jpg,6,3,0.0333422160000009,4,6,0.541811010000015,65,1.50039972000004,180
25,2.08388850000006,250,50.0466662160014,6004,1,1,93,2,3,14,middle,1,female,2,left,1,616.443307866211,540,fear,1,m_f_f,middle_female_fear,093_m_f_f_a.jpg,4,0.100026648000003,12,m_f_n,middle_female_neutral,093_m_f_n_a.jpg,6,4,0.0416777700000011,5,5,0.441784362000012,53,1.50039972000004,180
26,1.66711080000005,200,52.3722857820014,6283,1,1,98,4,7,14,young,2,female,2,left,1,616.443307866211,540,fear,1,y_f_f,young_female_fear,098_y_f_f_a.jpg,10,0.100026648000003,12,y_f_n,young_female_neutral,098_y_f_n_a.jpg,12,4,0.0416777700000011,5,1,0.0250066620000007,3,1.50039972000004,180
27,2.17557959400006,261,54.1977721080015,6502,1,1,84,2,4,13,middle,1,female,2,left,1,616.443307866211,540,happy,2,m_f_h,middle_female_happy,084_m_f_h_a.jpg,5,0.100026648000003,12,m_f_n,middle_female_neutral,084_m_f_n_a.jpg,6,3,0.0333422160000009,4,6,0.541811010000015,65,1.50039972000004,180
28,2.15890848600006,259,55.9732451100015,6715,1,1,71,4,7,11,young,2,female,2,right,2,1303.55669213379,540,fear,1,y_f_f,young_female_fear,071_y_f_f_a.jpg,10,0.100026648000003,12,y_f_n,young_female_neutral,071_y_f_n_a.jpg,12,1,0.0166711080000005,2,6,0.541811010000015,65,1.50039972000004,180
29,1.86716409600005,224,57.8987580840016,6946,1,1,22,4,7,3,young,2,female,2,right,2,1303.55669213379,540,fear,1,y_f_f,young_female_fear,022_y_f_f_a.jpg,10,0.100026648000003,12,y_f_n,young_female_neutral,022_y_f_n_a.jpg,12,3,0.0333422160000009,4,3,0.233395512000006,28,1.50039972000004,180
30,1.96719074400005,236,59.7742577340016,7171,1,1,84,2,3,13,middle,1,female,2,right,2,1303.55669213379,540,fear,1,m_f_f,middle_female_fear,084_m_f_f_a.jpg,4,0.100026648000003,12,m_f_n,middle_female_neutral,084_m_f_n_a.jpg,6,3,0.0333422160000009,4,4,0.333422160000009,40,1.50039972000004,180
31,1.65877524600005,199,62.1415550700017,7455,1,1,26,1,1,3,middle,1,male,1,left,1,616.443307866211,540,fear,1,m_m_f,middle_male_fear,026_m_m_f_a.jpg,1,0.100026648000003,12,m_m_n,middle_male_neutral,026_m_m_n_a.jpg,3,3,0.0333422160000009,4,1,0.0250066620000007,3,1.50039972000004,180
32,1.67544635400005,201,63.8920214100017,7665,1,1,92,1,1,15,middle,1,male,1,left,1,616.443307866211,540,fear,1,m_m_f,middle_male_fear,092_m_m_f_a.jpg,1,0.100026648000003,12,m_m_n,middle_male_neutral,092_m_m_n_a.jpg,3,5,0.0500133240000014,6,1,0.0250066620000007,3,1.50039972000004,180
33,2.08388850000006,250,66.0676010040018,7926,1,1,114,3,6,18,young,2,male,1,left,1,616.443307866211,540,happy,2,y_m_h,young_male_happy,114_y_m_h_a.jpg,8,0.100026648000003,12,y_m_n,young_male_neutral,114_y_m_n_a.jpg,9,8,0.150039972000004,18,4,0.333422160000009,40,1.50039972000004,180
34,1.70045301600005,204,68.1514895040019,8176,1,1,43,2,4,6,middle,1,female,2,left,1,616.443307866211,540,happy,2,m_f_h,middle_female_happy,043_m_f_h_a.jpg,5,0.100026648000003,12,m_f_n,middle_female_neutral,043_m_f_n_a.jpg,6,6,0.0750199860000021,9,1,0.0250066620000007,3,1.50039972000004,180
35,1.74213078600005,209,70.5521290560019,8464,1,1,10,4,8,1,young,2,female,2,right,2,1303.55669213379,540,happy,2,y_f_h,young_female_happy,010_y_f_h_a.jpg,11,0.100026648000003,12,y_f_n,young_female_neutral,010_y_f_n_a.jpg,12,1,0.0166711080000005,2,2,0.125033310000003,15,1.50039972000004,180
36,2.08388850000006,250,72.460970922002,8693,1,1,29,2,4,4,middle,1,female,2,right,2,1303.55669213379,540,happy,2,m_f_h,middle_female_happy,029_m_f_h_a.jpg,5,0.100026648000003,12,m_f_n,middle_female_neutral,029_m_f_n_a.jpg,6,4,0.0416777700000011,5,5,0.441784362000012,53,1.50039972000004,180
37,2.38396844400007,286,74.494846098002,8937,1,1,82,1,2,13,middle,1,male,1,right,2,1303.55669213379,540,happy,2,m_m_h,middle_male_happy,082_m_m_h_a.jpg,2,0.100026648000003,12,m_m_n,middle_male_neutral,082_m_m_n_a.jpg,3,3,0.0333422160000009,4,8,0.750199860000021,90,1.50039972000004,180
38,2.39230399800007,287,76.5787345980021,9187,1,1,123,3,5,20,young,2,male,1,right,2,1303.55669213379,540,fear,1,y_m_f,young_male_fear,123_y_m_f_a.jpg,7,0.100026648000003,12,y_m_n,young_male_neutral,123_y_m_n_a.jpg,9,10,0.250066620000007,30,6,0.541811010000015,65,1.50039972000004,180
39,2.03387517600006,244,78.8209986240021,9456,1,1,63,4,8,9,young,2,female,2,right,2,1303.55669213379,540,happy,2,y_f_h,young_female_happy,063_y_f_h_a.jpg,11,0.100026648000003,12,y_f_n,young_female_neutral,063_y_f_n_a.jpg,12,9,0.200053296000005,24,3,0.233395512000006,28,1.50039972000004,180
40,2.09222405400006,251,80.6964982740022,9681,1,1,31,3,6,5,young,2,male,1,right,2,1303.55669213379,540,happy,2,y_m_h,young_male_happy,031_y_m_h_a.jpg,8,0.100026648000003,12,y_m_n,young_male_neutral,031_y_m_n_a.jpg,9,5,0.0500133240000014,6,5,0.441784362000012,53,1.50039972000004,180
41,1.98386185200005,238,82.5469912620023,9903,2,1,97,2,4,15,middle,1,female,2,left,1,616.443307866211,540,happy,2,m_f_h,middle_female_happy,097_m_f_h_a.jpg,5,0.100026648000003,12,m_f_n,middle_female_neutral,097_m_f_n_a.jpg,6,5,0.0500133240000014,6,4,0.333422160000009,40,1.50039972000004,180
42,2.03387517600006,244,84.1974309540023,10101,2,1,50,2,3,7,middle,1,female,2,left,1,616.443307866211,540,fear,1,m_f_f,middle_female_fear,050_m_f_f_a.jpg,4,0.100026648000003,12,m_f_n,middle_female_neutral,050_m_f_n_a.jpg,6,7,0.100026648000003,12,4,0.333422160000009,40,1.50039972000004,180
43,2.05888183800006,247,86.0645950500024,10325,2,1,10,4,8,1,young,2,female,2,right,2,1303.55669213379,540,happy,2,y_f_h,young_female_happy,010_y_f_h_a.jpg,11,0.100026648000003,12,y_f_n,young_female_neutral,010_y_f_n_a.jpg,12,1,0.0166711080000005,2,5,0.441784362000012,53,1.50039972000004,180
44,1.65043969200005,198,87.9400947000024,10550,2,1,85,4,8,12,young,2,female,2,right,2,1303.55669213379,540,happy,2,y_f_h,young_female_happy,085_y_f_h_a.jpg,11,0.100026648000003,12,y_f_n,young_female_neutral,085_y_f_n_a.jpg,12,2,0.0250066620000007,3,1,0.0250066620000007,3,1.50039972000004,180
45,2.50066620000007,300,90.1323454020025,10813,2,1,52,2,4,8,middle,1,female,2,right,2,1303.55669213379,540,happy,2,m_f_h,middle_female_happy,052_m_f_h_a.jpg,5,0.100026648000003,12,m_f_n,middle_female_neutral,052_m_f_n_a.jpg,6,8,0.150039972000004,18,8,0.750199860000021,90,1.50039972000004,180
46,2.15890848600006,259,92.0411872680025,11042,2,1,7,1,1,1,middle,1,male,1,left,1,616.443307866211,540,fear,1,m_m_f,middle_male_fear,007_m_m_f_a.jpg,1,0.100026648000003,12,m_m_n,middle_male_neutral,007_m_m_n_a.jpg,3,1,0.0166711080000005,2,6,0.541811010000015,65,1.50039972000004,180
47,2.09222405400006,251,93.7666469460026,11249,2,1,38,1,2,5,middle,1,male,1,left,1,616.443307866211,540,happy,2,m_m_h,middle_male_happy,038_m_m_h_a.jpg,2,0.100026648000003,12,m_m_n,middle_male_neutral,038_m_m_n_a.jpg,3,5,0.0500133240000014,6,5,0.441784362000012,53,1.50039972000004,180
48,1.88383520400005,226,95.5421199480026,11462,2,1,99,3,5,15,young,2,male,1,right,2,1303.55669213379,540,fear,1,y_m_f,young_male_fear,099_y_m_f_a.jpg,7,0.100026648000003,12,y_m_n,young_male_neutral,099_y_m_n_a.jpg,9,5,0.0500133240000014,6,3,0.233395512000006,28,1.50039972000004,180
49,1.90884186600005,229,97.5759951240027,11706,2,1,45,1,2,6,middle,1,male,1,right,2,1303.55669213379,540,happy,2,m_m_h,middle_male_happy,045_m_m_h_a.jpg,2,0.100026648000003,12,m_m_n,middle_male_neutral,045_m_m_n_a.jpg,3,6,0.0750199860000021,9,3,0.233395512000006,28,1.50039972000004,180
50,2.00886851400006,241,99.4514947740027,11931,2,1,103,2,3,16,middle,1,female,2,right,2,1303.55669213379,540,fear,1,m_f_f,middle_female_fear,103_m_f_f_a.jpg,4,0.100026648000003,12,m_f_n,middle_female_neutral,103_m_f_n_a.jpg,6,6,0.0750199860000021,9,4,0.333422160000009,40,1.50039972000004,180
51,2.50066620000007,300,101.818792110003,12215,2,1,122,2,4,20,middle,1,female,2,right,2,1303.55669213379,540,happy,2,m_f_h,middle_female_happy,122_m_f_h_a.jpg,5,0.100026648000003,12,m_f_n,middle_female_neutral,122_m_f_n_a.jpg,6,10,0.250066620000007,30,7,0.650173212000018,78,1.50039972000004,180
52,2.18391514800006,262,104.194425000003,12500,2,1,122,2,3,20,middle,1,female,2,left,1,616.443307866211,540,fear,1,m_f_f,middle_female_fear,122_m_f_f_a.jpg,4,0.100026648000003,12,m_f_n,middle_female_neutral,122_m_f_n_a.jpg,6,10,0.250066620000007,30,4,0.333422160000009,40,1.50039972000004,180
53,2.55067952400007,306,106.578393444003,12786,2,1,61,2,3,9,middle,1,female,2,right,2,1303.55669213379,540,fear,1,m_f_f,middle_female_fear,061_m_f_f_a.jpg,4,0.100026648000003,12,m_f_n,middle_female_neutral,061_m_f_n_a.jpg,6,9,0.200053296000005,24,8,0.750199860000021,90,1.50039972000004,180
54,2.34229067400006,281,108.762308592003,13048,2,1,117,2,4,19,middle,1,female,2,left,1,616.443307866211,540,happy,2,m_f_h,middle_female_happy,117_m_f_h_a.jpg,5,0.100026648000003,12,m_f_n,middle_female_neutral,117_m_f_n_a.jpg,6,9,0.200053296000005,24,6,0.541811010000015,65,1.50039972000004,180
55,2.36729733600006,284,110.437754946003,13249,2,1,6,2,3,1,middle,1,female,2,right,2,1303.55669213379,540,fear,1,m_f_f,middle_female_fear,006_m_f_f_a.jpg,4,0.100026648000003,12,m_f_n,middle_female_neutral,006_m_f_n_a.jpg,6,1,0.0166711080000005,2,8,0.750199860000021,90,1.50039972000004,180
56,2.45065287600007,294,112.446623460003,13490,2,1,58,1,1,9,middle,1,male,1,left,1,616.443307866211,540,fear,1,m_m_f,middle_male_fear,058_m_m_f_a.jpg,1,0.100026648000003,12,m_m_n,middle_male_neutral,058_m_m_n_a.jpg,3,9,0.200053296000005,24,7,0.650173212000018,78,1.50039972000004,180
57,2.17557959400006,261,114.272109786003,13709,2,1,16,3,6,3,young,2,male,1,left,1,616.443307866211,540,happy,2,y_m_h,young_male_happy,016_y_m_h_a.jpg,8,0.100026648000003,12,y_m_n,young_male_neutral,016_y_m_n_a.jpg,9,3,0.0333422160000009,4,6,0.541811010000015,65,1.50039972000004,180
58,1.67544635400005,201,116.047582788003,13922,2,1,92,1,2,15,middle,1,male,1,left,1,616.443307866211,540,happy,2,m_m_h,middle_male_happy,092_m_m_h_a.jpg,2,0.100026648000003,12,m_m_n,middle_male_neutral,092_m_m_n_a.jpg,3,5,0.0500133240000014,6,1,0.0250066620000007,3,1.50039972000004,180
59,1.87549965000005,225,118.081457964003,14166,2,1,54,4,7,8,young,2,female,2,left,1,616.443307866211,540,fear,1,y_f_f,young_female_fear,054_y_f_f_a.jpg,10,0.100026648000003,12,y_f_n,young_female_neutral,054_y_f_n_a.jpg,12,8,0.150039972000004,18,2,0.125033310000003,15,1.50039972000004,180
60,1.85049298800005,222,119.956957614003,14391,2,1,6,2,4,1,middle,1,female,2,left,1,616.443307866211,540,happy,2,m_f_h,middle_female_happy,006_m_f_h_a.jpg,5,0.100026648000003,12,m_f_n,middle_female_neutral,006_m_f_n_a.jpg,6,1,0.0166711080000005,2,3,0.233395512000006,28,1.50039972000004,180
61,2.09222405400006,251,122.015839452003,14638,2,1,97,2,3,15,middle,1,female,2,right,2,1303.55669213379,540,fear,1,m_f_f,middle_female_fear,097_m_f_f_a.jpg,4,0.100026648000003,12,m_f_n,middle_female_neutral,097_m_f_n_a.jpg,6,5,0.0500133240000014,6,5,0.441784362000012,53,1.50039972000004,180
62,2.34229067400006,281,123.666279144003,14836,2,1,63,4,7,9,young,2,female,2,right,2,1303.55669213379,540,fear,1,y_f_f,young_female_fear,063_y_f_f_a.jpg,10,0.100026648000003,12,y_f_n,young_female_neutral,063_y_f_n_a.jpg,12,9,0.200053296000005,24,6,0.541811010000015,65,1.50039972000004,180
63,2.18391514800006,262,125.950220940003,15110,2,1,69,4,7,10,young,2,female,2,left,1,616.443307866211,540,fear,1,y_f_f,young_female_fear,069_y_f_f_a.jpg,10,0.100026648000003,12,y_f_n,young_female_neutral,069_y_f_n_a.jpg,12,10,0.250066620000007,30,4,0.333422160000009,40,1.50039972000004,180
64,1.65043969200005,198,128.242498290004,15385,2,1,14,1,2,2,middle,1,male,1,left,1,616.443307866211,540,happy,2,m_m_h,middle_male_happy,014_m_m_h_a.jpg,2,0.100026648000003,12,m_m_n,middle_male_neutral,014_m_m_n_a.jpg,3,2,0.0250066620000007,3,1,0.0250066620000007,3,1.50039972000004,180
65,2.03387517600006,244,130.334722344004,15636,2,1,104,1,1,17,middle,1,male,1,left,1,616.443307866211,540,fear,1,m_m_f,middle_male_fear,104_m_m_f_a.jpg,1,0.100026648000003,12,m_m_n,middle_male_neutral,104_m_m_n_a.jpg,3,7,0.100026648000003,12,4,0.333422160000009,40,1.50039972000004,180
66,2.28394179600006,274,132.243564210004,15865,2,1,26,1,2,3,middle,1,male,1,left,1,616.443307866211,540,happy,2,m_m_h,middle_male_happy,026_m_m_h_a.jpg,2,0.100026648000003,12,m_m_n,middle_male_neutral,026_m_m_n_a.jpg,3,3,0.0333422160000009,4,7,0.650173212000018,78,1.50039972000004,180
67,2.08388850000006,250,134.594190438004,16147,2,1,62,3,6,10,young,2,male,1,right,2,1303.55669213379,540,happy,2,y_m_h,young_male_happy,062_y_m_h_a.jpg,8,0.100026648000003,12,y_m_n,young_male_neutral,062_y_m_n_a.jpg,9,10,0.250066620000007,30,3,0.233395512000006,28,1.50039972000004,180
68,1.92551297400005,231,136.469690088004,16372,2,1,132,4,7,19,young,2,female,2,left,1,616.443307866211,540,fear,1,y_f_f,young_female_fear,132_y_f_f_a.jpg,10,0.100026648000003,12,y_f_n,young_female_neutral,132_y_f_n_a.jpg,12,9,0.200053296000005,24,2,0.125033310000003,15,1.50039972000004,180
69,2.27560624200006,273,138.395203062004,16603,2,1,72,3,5,12,young,2,male,1,left,1,616.443307866211,540,fear,1,y_m_f,young_male_fear,072_y_m_f_a.jpg,7,0.100026648000003,12,y_m_n,young_male_neutral,072_y_m_n_a.jpg,9,2,0.0250066620000007,3,7,0.650173212000018,78,1.50039972000004,180
70,1.82548632600005,219,140.787507060004,16890,2,1,104,1,2,17,middle,1,male,1,left,1,616.443307866211,540,happy,2,m_m_h,middle_male_happy,104_m_m_h_a.jpg,2,0.100026648000003,12,m_m_n,middle_male_neutral,104_m_m_n_a.jpg,3,7,0.100026648000003,12,2,0.125033310000003,15,1.50039972000004,180
71,2.08388850000006,250,142.429611198004,17087,2,1,123,3,6,20,young,2,male,1,left,1,616.443307866211,540,happy,2,y_m_h,young_male_happy,123_y_m_h_a.jpg,8,0.100026648000003,12,y_m_n,young_male_neutral,123_y_m_n_a.jpg,9,10,0.250066620000007,30,3,0.233395512000006,28,1.50039972000004,180
72,2.27560624200006,273,144.496828590004,17335,2,1,20,4,8,2,young,2,female,2,right,2,1303.55669213379,540,happy,2,y_f_h,young_female_happy,020_y_f_h_a.jpg,11,0.100026648000003,12,y_f_n,young_female_neutral,020_y_f_n_a.jpg,12,2,0.0250066620000007,3,7,0.650173212000018,78,1.50039972000004,180
73,2.29227735000006,275,146.572381536004,17584,2,1,108,1,2,18,middle,1,male,1,right,2,1303.55669213379,540,happy,2,m_m_h,middle_male_happy,108_m_m_h_a.jpg,2,0.100026648000003,12,m_m_n,middle_male_neutral,108_m_m_n_a.jpg,3,8,0.150039972000004,18,6,0.541811010000015,65,1.50039972000004,180
74,2.13390182400006,256,148.339518984004,17796,2,1,63,4,8,9,young,2,female,2,right,2,1303.55669213379,540,happy,2,y_f_h,young_female_happy,063_y_f_h_a.jpg,11,0.100026648000003,12,y_f_n,young_female_neutral,063_y_f_n_a.jpg,12,9,0.200053296000005,24,4,0.333422160000009,40,1.50039972000004,180
75,2.11723071600006,254,150.531769686004,18059,2,1,94,1,2,16,middle,1,male,1,left,1,616.443307866211,540,happy,2,m_m_h,middle_male_happy,094_m_m_h_a.jpg,2,0.100026648000003,12,m_m_n,middle_male_neutral,094_m_m_n_a.jpg,3,6,0.0750199860000021,9,5,0.441784362000012,53,1.50039972000004,180
76,1.87549965000005,225,152.649000402004,18313,2,1,125,4,7,18,young,2,female,2,left,1,616.443307866211,540,fear,1,y_f_f,young_female_fear,125_y_f_f_a.jpg,10,0.100026648000003,12,y_f_n,young_female_neutral,125_y_f_n_a.jpg,12,8,0.150039972000004,18,2,0.125033310000003,15,1.50039972000004,180
77,1.98386185200005,238,154.999626630004,18595,2,1,34,4,8,5,young,2,female,2,left,1,616.443307866211,540,happy,2,y_f_h,young_female_happy,034_y_f_h_a.jpg,11,0.100026648000003,12,y_f_n,young_female_neutral,034_y_f_n_a.jpg,12,5,0.0500133240000014,6,4,0.333422160000009,40,1.50039972000004,180
78,1.98386185200005,238,157.291903980004,18870,2,1,114,3,5,18,young,2,male,1,right,2,1303.55669213379,540,fear,1,y_m_f,young_male_fear,114_y_m_f_a.jpg,7,0.100026648000003,12,y_m_n,young_male_neutral,114_y_m_n_a.jpg,9,8,0.150039972000004,18,3,0.233395512000006,28,1.50039972000004,180
79,2.14223737800006,257,159.842583504004,19176,2,1,41,3,5,7,young,2,male,1,right,2,1303.55669213379,540,fear,1,y_m_f,young_male_fear,041_y_m_f_a.jpg,7,0.100026648000003,12,y_m_n,young_male_neutral,041_y_m_n_a.jpg,9,7,0.100026648000003,12,5,0.441784362000012,53,1.50039972000004,180
80,2.11723071600006,254,161.718083154004,19401,2,1,106,4,8,16,young,2,female,2,right,2,1303.55669213379,540,happy,2,y_f_h,young_female_happy,106_y_f_h_a.jpg,11,0.100026648000003,12,y_f_n,young_female_neutral,106_y_f_n_a.jpg,12,6,0.0750199860000021,9,5,0.441784362000012,53,1.50039972000004,180
81,2.39230399800007,287,164.085380490004,19685,3,2,126,1,1,20,middle,1,male,1,left,1,616.443307866211,540,fear,1,m_m_f,middle_male_fear,126_m_m_f_a.jpg,1,0.100026648000003,12,m_m_n,middle_male_neutral,126_m_m_n_a.jpg,3,10,0.250066620000007,30,6,0.541811010000015,65,1.50039972000004,180
82,2.15890848600006,259,165.835846830005,19895,3,2,66,3,5,11,young,2,male,1,right,2,1303.55669213379,540,fear,1,y_m_f,young_male_fear,066_y_m_f_a.jpg,7,0.100026648000003,12,y_m_n,young_male_neutral,066_y_m_n_a.jpg,9,1,0.0166711080000005,2,6,0.541811010000015,65,1.50039972000004,180
83,1.87549965000005,225,167.703010926005,20119,3,2,49,3,6,8,young,2,male,1,right,2,1303.55669213379,540,happy,2,y_m_h,young_male_happy,049_y_m_h_a.jpg,8,0.100026648000003,12,y_m_n,young_male_neutral,049_y_m_n_a.jpg,9,8,0.150039972000004,18,2,0.125033310000003,15,1.50039972000004,180
84,2.40063955200007,288,169.370121726005,20319,3,2,54,4,7,8,young,2,female,2,left,1,616.443307866211,540,fear,1,y_f_f,young_female_fear,054_y_f_f_a.jpg,10,0.100026648000003,12,y_f_n,young_female_neutral,054_y_f_n_a.jpg,12,8,0.150039972000004,18,7,0.650173212000018,78,1.50039972000004,180
85,1.87549965000005,225,171.045568080005,20520,3,2,126,1,2,20,middle,1,male,1,left,1,616.443307866211,540,happy,2,m_m_h,middle_male_happy,126_m_m_h_a.jpg,2,0.100026648000003,12,m_m_n,middle_male_neutral,126_m_m_n_a.jpg,3,10,0.250066620000007,30,1,0.0250066620000007,3,1.50039972000004,180
86,2.45065287600007,294,173.162798796005,20774,3,2,51,1,1,7,middle,1,male,1,left,1,616.443307866211,540,fear,1,m_m_f,middle_male_fear,051_m_m_f_a.jpg,1,0.100026648000003,12,m_m_n,middle_male_neutral,051_m_m_n_a.jpg,3,7,0.100026648000003,12,8,0.750199860000021,90,1.50039972000004,180
87,1.90884186600005,229,175.196673972005,21018,3,2,45,1,2,6,middle,1,male,1,left,1,616.443307866211,540,happy,2,m_m_h,middle_male_happy,045_m_m_h_a.jpg,2,0.100026648000003,12,m_m_n,middle_male_neutral,045_m_m_n_a.jpg,3,6,0.0750199860000021,9,3,0.233395512000006,28,1.50039972000004,180
88,2.42564621400007,291,177.388924674005,21281,3,2,106,4,7,16,young,2,female,2,left,1,616.443307866211,540,fear,1,y_f_f,young_female_fear,106_y_f_f_a.jpg,10,0.100026648000003,12,y_f_n,young_female_neutral,106_y_f_n_a.jpg,12,6,0.0750199860000021,9,8,0.750199860000021,90,1.50039972000004,180
89,2.50066620000007,300,179.631188700005,21550,3,2,125,4,8,18,young,2,female,2,right,2,1303.55669213379,540,happy,2,y_f_h,young_female_happy,125_y_f_h_a.jpg,11,0.100026648000003,12,y_f_n,young_female_neutral,125_y_f_n_a.jpg,12,8,0.150039972000004,18,8,0.750199860000021,90,1.50039972000004,180
90,2.28394179600006,274,181.923466050005,21825,3,2,84,2,4,13,middle,1,female,2,left,1,616.443307866211,540,happy,2,m_f_h,middle_female_happy,084_m_f_h_a.jpg,5,0.100026648000003,12,m_f_n,middle_female_neutral,084_m_f_n_a.jpg,6,3,0.0333422160000009,4,7,0.650173212000018,78,1.50039972000004,180
91,1.87549965000005,225,184.290763386005,22109,3,2,134,4,8,20,young,2,female,2,left,1,616.443307866211,540,happy,2,y_f_h,young_female_happy,134_y_f_h_a.jpg,11,0.100026648000003,12,y_f_n,young_female_neutral,134_y_f_n_a.jpg,12,10,0.250066620000007,30,1,0.0250066620000007,3,1.50039972000004,180
92,1.66711080000005,200,186.566369628005,22382,3,2,93,2,3,14,middle,1,female,2,right,2,1303.55669213379,540,fear,1,m_f_f,middle_female_fear,093_m_f_f_a.jpg,4,0.100026648000003,12,m_f_n,middle_female_neutral,093_m_f_n_a.jpg,6,4,0.0416777700000011,5,1,0.0250066620000007,3,1.50039972000004,180
93,1.87549965000005,225,188.533560372005,22618,3,2,32,1,2,4,middle,1,male,1,left,1,616.443307866211,540,happy,2,m_m_h,middle_male_happy,032_m_m_h_a.jpg,2,0.100026648000003,12,m_m_n,middle_male_neutral,032_m_m_n_a.jpg,3,4,0.0416777700000011,5,3,0.233395512000006,28,1.50039972000004,180
94,1.74213078600005,209,190.617448872005,22868,3,2,73,2,4,11,middle,1,female,2,right,2,1303.55669213379,540,happy,2,m_f_h,middle_female_happy,073_m_f_h_a.jpg,5,0.100026648000003,12,m_f_n,middle_female_neutral,073_m_f_n_a.jpg,6,1,0.0166711080000005,2,2,0.125033310000003,15,1.50039972000004,180
95,2.05888183800006,247,192.601310724005,23106,3,2,66,3,5,11,young,2,male,1,left,1,616.443307866211,540,fear,1,y_m_f,young_male_fear,066_y_m_f_a.jpg,7,0.100026648000003,12,y_m_n,young_male_neutral,066_y_m_n_a.jpg,9,1,0.0166711080000005,2,5,0.441784362000012,53,1.50039972000004,180
96,2.00886851400006,241,194.610179238005,23347,3,2,105,3,6,16,young,2,male,1,right,2,1303.55669213379,540,happy,2,y_m_h,young_male_happy,105_y_m_h_a.jpg,8,0.100026648000003,12,y_m_n,young_male_neutral,105_y_m_n_a.jpg,9,6,0.0750199860000021,9,4,0.333422160000009,40,1.50039972000004,180
97,2.27560624200006,273,196.960805466005,23629,3,2,13,3,5,2,young,2,male,1,right,2,1303.55669213379,540,fear,1,y_m_f,young_male_fear,013_y_m_f_a.jpg,7,0.100026648000003,12,y_m_n,young_male_neutral,013_y_m_n_a.jpg,9,2,0.0250066620000007,3,7,0.650173212000018,78,1.50039972000004,180
98,2.11723071600006,254,199.461471666005,23929,3,2,43,2,3,6,middle,1,female,2,left,1,616.443307866211,540,fear,1,m_f_f,middle_female_fear,043_m_f_f_a.jpg,4,0.100026648000003,12,m_f_n,middle_female_neutral,043_m_f_n_a.jpg,6,6,0.0750199860000021,9,5,0.441784362000012,53,1.50039972000004,180
99,2.00886851400006,241,201.912124542006,24223,3,2,94,1,2,16,middle,1,male,1,left,1,616.443307866211,540,happy,2,m_m_h,middle_male_happy,094_m_m_h_a.jpg,2,0.100026648000003,12,m_m_n,middle_male_neutral,094_m_m_n_a.jpg,3,6,0.0750199860000021,9,4,0.333422160000009,40,1.50039972000004,180
100,2.37563289000007,285,204.096039690006,24485,3,2,77,1,2,12,middle,1,male,1,left,1,616.443307866211,540,happy,2,m_m_h,middle_male_happy,077_m_m_h_a.jpg,2,0.100026648000003,12,m_m_n,middle_male_neutral,077_m_m_n_a.jpg,3,2,0.0250066620000007,3,8,0.750199860000021,90,1.50039972000004,180
101,1.86716409600005,224,206.363310378006,24757,3,2,26,1,2,3,middle,1,male,1,right,2,1303.55669213379,540,happy,2,m_m_h,middle_male_happy,026_m_m_h_a.jpg,2,0.100026648000003,12,m_m_n,middle_male_neutral,026_m_m_n_a.jpg,3,3,0.0333422160000009,4,3,0.233395512000006,28,1.50039972000004,180
102,2.29227735000006,275,208.738943268006,25042,3,2,114,3,6,18,young,2,male,1,left,1,616.443307866211,540,happy,2,y_m_h,young_male_happy,114_y_m_h_a.jpg,8,0.100026648000003,12,y_m_n,young_male_neutral,114_y_m_n_a.jpg,9,8,0.150039972000004,18,6,0.541811010000015,65,1.50039972000004,180
103,1.65043969200005,198,210.814496214006,25291,3,2,13,3,5,2,young,2,male,1,right,2,1303.55669213379,540,fear,1,y_m_f,young_male_fear,013_y_m_f_a.jpg,7,0.100026648000003,12,y_m_n,young_male_neutral,013_y_m_n_a.jpg,9,2,0.0250066620000007,3,1,0.0250066620000007,3,1.50039972000004,180
104,2.08388850000006,250,212.790022512006,25528,3,2,87,1,1,14,middle,1,male,1,left,1,616.443307866211,540,fear,1,m_m_f,middle_male_fear,087_m_m_f_a.jpg,1,0.100026648000003,12,m_m_n,middle_male_neutral,087_m_m_n_a.jpg,3,4,0.0416777700000011,5,5,0.441784362000012,53,1.50039972000004,180
105,2.29227735000006,275,215.190662064006,25816,3,2,89,3,6,14,young,2,male,1,right,2,1303.55669213379,540,happy,2,y_m_h,young_male_happy,089_y_m_h_a.jpg,8,0.100026648000003,12,y_m_n,young_male_neutral,089_y_m_n_a.jpg,9,4,0.0416777700000011,5,7,0.650173212000018,78,1.50039972000004,180
106,2.29227735000006,275,217.307892780006,26070,3,2,32,1,2,4,middle,1,male,1,right,2,1303.55669213379,540,happy,2,m_m_h,middle_male_happy,032_m_m_h_a.jpg,2,0.100026648000003,12,m_m_n,middle_male_neutral,032_m_m_n_a.jpg,3,4,0.0416777700000011,5,7,0.650173212000018,78,1.50039972000004,180
107,2.24226402600006,269,219.658519008006,26352,3,2,63,4,7,9,young,2,female,2,right,2,1303.55669213379,540,fear,1,y_f_f,young_female_fear,063_y_f_f_a.jpg,10,0.100026648000003,12,y_f_n,young_female_neutral,063_y_f_n_a.jpg,12,9,0.200053296000005,24,5,0.441784362000012,53,1.50039972000004,180
108,1.76713744800005,212,222.059158560006,26640,3,2,89,3,5,14,young,2,male,1,right,2,1303.55669213379,540,fear,1,y_m_f,young_male_fear,089_y_m_f_a.jpg,7,0.100026648000003,12,y_m_n,young_male_neutral,089_y_m_n_a.jpg,9,4,0.0416777700000011,5,2,0.125033310000003,15,1.50039972000004,180
109,1.80047966400005,216,224.609838084006,26946,3,2,37,3,5,6,young,2,male,1,left,1,616.443307866211,540,fear,1,y_m_f,young_male_fear,037_y_m_f_a.jpg,7,0.100026648000003,12,y_m_n,young_male_neutral,037_y_m_n_a.jpg,9,6,0.0750199860000021,9,2,0.125033310000003,15,1.50039972000004,180
110,2.19225070200006,263,226.585364382006,27183,3,2,92,1,2,15,middle,1,male,1,right,2,1303.55669213379,540,happy,2,m_m_h,middle_male_happy,092_m_m_h_a.jpg,2,0.100026648000003,12,m_m_n,middle_male_neutral,092_m_m_n_a.jpg,3,5,0.0500133240000014,6,6,0.541811010000015,65,1.50039972000004,180
111,1.85882854200005,223,228.535884018006,27417,3,2,20,4,7,2,young,2,female,2,right,2,1303.55669213379,540,fear,1,y_f_f,young_female_fear,020_y_f_f_a.jpg,10,0.100026648000003,12,y_f_n,young_female_neutral,020_y_f_n_a.jpg,12,2,0.0250066620000007,3,3,0.233395512000006,28,1.50039972000004,180
112,2.34229067400006,281,230.494739208006,27652,3,2,119,3,5,19,young,2,male,1,left,1,616.443307866211,540,fear,1,y_m_f,young_male_fear,119_y_m_f_a.jpg,7,0.100026648000003,12,y_m_n,young_male_neutral,119_y_m_n_a.jpg,9,9,0.200053296000005,24,6,0.541811010000015,65,1.50039972000004,180
113,1.87549965000005,225,232.253541102006,27863,3,2,89,3,5,14,young,2,male,1,left,1,616.443307866211,540,fear,1,y_m_f,young_male_fear,089_y_m_f_a.jpg,7,0.100026648000003,12,y_m_n,young_male_neutral,089_y_m_n_a.jpg,9,4,0.0416777700000011,5,3,0.233395512000006,28,1.50039972000004,180
114,2.40063955200007,288,233.920651902006,28063,3,2,35,2,4,5,middle,1,female,2,left,1,616.443307866211,540,happy,2,m_f_h,middle_female_happy,035_m_f_h_a.jpg,5,0.100026648000003,12,m_f_n,middle_female_neutral,035_m_f_n_a.jpg,6,5,0.0500133240000014,6,8,0.750199860000021,90,1.50039972000004,180
115,2.39230399800007,287,236.012875956006,28314,3,2,28,4,7,4,young,2,female,2,right,2,1303.55669213379,540,fear,1,y_f_f,young_female_fear,028_y_f_f_a.jpg,10,0.100026648000003,12,y_f_n,young_female_neutral,028_y_f_n_a.jpg,12,4,0.0416777700000011,5,8,0.750199860000021,90,1.50039972000004,180
116,1.67544635400005,201,237.713328972007,28518,3,2,38,1,1,5,middle,1,male,1,left,1,616.443307866211,540,fear,1,m_m_f,middle_male_fear,038_m_m_f_a.jpg,1,0.100026648000003,12,m_m_n,middle_male_neutral,038_m_m_n_a.jpg,3,5,0.0500133240000014,6,1,0.0250066620000007,3,1.50039972000004,180
117,2.26727068800006,272,239.647177500007,28750,3,2,8,3,6,1,young,2,male,1,left,1,616.443307866211,540,happy,2,y_m_h,young_male_happy,008_y_m_h_a.jpg,8,0.100026648000003,12,y_m_n,young_male_neutral,008_y_m_n_a.jpg,9,1,0.0166711080000005,2,7,0.650173212000018,78,1.50039972000004,180
118,2.14223737800006,257,241.422650502007,28963,3,2,48,4,8,7,young,2,female,2,right,2,1303.55669213379,540,happy,2,y_f_h,young_female_happy,048_y_f_h_a.jpg,11,0.100026648000003,12,y_f_n,young_female_neutral,048_y_f_n_a.jpg,12,7,0.100026648000003,12,5,0.441784362000012,53,1.50039972000004,180
119,1.85882854200005,223,243.556552326007,29219,3,2,80,2,4,12,middle,1,female,2,left,1,616.443307866211,540,happy,2,m_f_h,middle_female_happy,080_m_f_h_a.jpg,5,0.100026648000003,12,m_f_n,middle_female_neutral,080_m_f_n_a.jpg,6,2,0.0250066620000007,3,3,0.233395512000006,28,1.50039972000004,180
120,1.95885519000005,235,245.740467474007,29481,3,2,13,3,6,2,young,2,male,1,right,2,1303.55669213379,540,happy,2,y_m_h,young_male_happy,013_y_m_h_a.jpg,8,0.100026648000003,12,y_m_n,young_male_neutral,013_y_m_n_a.jpg,9,2,0.0250066620000007,3,4,0.333422160000009,40,1.50039972000004,180
121,2.18391514800006,262,247.690987110007,29715,4,2,122,2,3,20,middle,1,female,2,right,2,1303.55669213379,540,fear,1,m_f_f,middle_female_fear,122_m_f_f_a.jpg,4,0.100026648000003,12,m_f_n,middle_female_neutral,122_m_f_n_a.jpg,6,10,0.250066620000007,30,4,0.333422160000009,40,1.50039972000004,180
122,1.76713744800005,212,249.758204502007,29963,4,2,25,3,6,4,young,2,male,1,left,1,616.443307866211,540,happy,2,y_m_h,young_male_happy,025_y_m_h_a.jpg,8,0.100026648000003,12,y_m_n,young_male_neutral,025_y_m_n_a.jpg,9,4,0.0416777700000011,5,2,0.125033310000003,15,1.50039972000004,180
123,2.27560624200006,273,251.933784096007,30224,4,2,80,2,3,12,middle,1,female,2,left,1,616.443307866211,540,fear,1,m_f_f,middle_female_fear,080_m_f_f_a.jpg,4,0.100026648000003,12,m_f_n,middle_female_neutral,080_m_f_n_a.jpg,6,2,0.0250066620000007,3,7,0.650173212000018,78,1.50039972000004,180
124,2.21725736400006,266,254.117699244007,30486,4,2,40,4,7,6,young,2,female,2,left,1,616.443307866211,540,fear,1,y_f_f,young_female_fear,040_y_f_f_a.jpg,10,0.100026648000003,12,y_f_n,young_female_neutral,040_y_f_n_a.jpg,12,6,0.0750199860000021,9,6,0.541811010000015,65,1.50039972000004,180
125,1.98386185200005,238,256.309949946007,30749,4,2,34,4,7,5,young,2,female,2,right,2,1303.55669213379,540,fear,1,y_f_f,young_female_fear,034_y_f_f_a.jpg,10,0.100026648000003,12,y_f_n,young_female_neutral,034_y_f_n_a.jpg,12,5,0.0500133240000014,6,4,0.333422160000009,40,1.50039972000004,180
126,1.88383520400005,226,258.735596160007,31040,4,2,101,4,8,15,young,2,female,2,right,2,1303.55669213379,540,happy,2,y_f_h,young_female_happy,101_y_f_h_a.jpg,11,0.100026648000003,12,y_f_n,young_female_neutral,101_y_f_n_a.jpg,12,5,0.0500133240000014,6,3,0.233395512000006,28,1.50039972000004,180
127,2.60069284800007,312,260.461055838007,31247,4,2,64,2,4,10,middle,1,female,2,left,1,616.443307866211,540,happy,2,m_f_h,middle_female_happy,064_m_f_h_a.jpg,5,0.100026648000003,12,m_f_n,middle_female_neutral,064_m_f_n_a.jpg,6,10,0.250066620000007,30,8,0.750199860000021,90,1.50039972000004,180
128,2.21725736400006,266,262.961722038007,31547,4,2,103,2,4,16,middle,1,female,2,left,1,616.443307866211,540,happy,2,m_f_h,middle_female_happy,103_m_f_h_a.jpg,5,0.100026648000003,12,m_f_n,middle_female_neutral,103_m_f_n_a.jpg,6,6,0.0750199860000021,9,6,0.541811010000015,65,1.50039972000004,180
129,1.96719074400005,236,265.203986064007,31816,4,2,16,3,6,3,young,2,male,1,left,1,616.443307866211,540,happy,2,y_m_h,young_male_happy,016_y_m_h_a.jpg,8,0.100026648000003,12,y_m_n,young_male_neutral,016_y_m_n_a.jpg,9,3,0.0333422160000009,4,4,0.333422160000009,40,1.50039972000004,180
130,2.60069284800007,312,267.179512362007,32053,4,2,134,4,7,20,young,2,female,2,right,2,1303.55669213379,540,fear,1,y_f_f,young_female_fear,134_y_f_f_a.jpg,10,0.100026648000003,12,y_f_n,young_female_neutral,134_y_f_n_a.jpg,12,10,0.250066620000007,30,8,0.750199860000021,90,1.50039972000004,180
131,1.85882854200005,223,268.921643148007,32262,4,2,77,1,1,12,middle,1,male,1,left,1,616.443307866211,540,fear,1,m_m_f,middle_male_fear,077_m_m_f_a.jpg,1,0.100026648000003,12,m_m_n,middle_male_neutral,077_m_m_n_a.jpg,3,2,0.0250066620000007,3,3,0.233395512000006,28,1.50039972000004,180
132,2.35062622800006,282,271.297276038007,32547,4,2,51,1,2,7,middle,1,male,1,right,2,1303.55669213379,540,happy,2,m_m_h,middle_male_happy,051_m_m_h_a.jpg,2,0.100026648000003,12,m_m_n,middle_male_neutral,051_m_m_n_a.jpg,3,7,0.100026648000003,12,7,0.650173212000018,78,1.50039972000004,180
133,2.05888183800006,247,273.581217834007,32821,4,2,71,4,8,11,young,2,female,2,right,2,1303.55669213379,540,happy,2,y_f_h,young_female_happy,071_y_f_h_a.jpg,11,0.100026648000003,12,y_f_n,young_female_neutral,071_y_f_n_a.jpg,12,1,0.0166711080000005,2,5,0.441784362000012,53,1.50039972000004,180
134,1.86716409600005,224,275.765132982008,33083,4,2,90,4,8,13,young,2,female,2,left,1,616.443307866211,540,happy,2,y_f_h,young_female_happy,090_y_f_h_a.jpg,11,0.100026648000003,12,y_f_n,young_female_neutral,090_y_f_n_a.jpg,12,3,0.0333422160000009,4,3,0.233395512000006,28,1.50039972000004,180
135,2.29227735000006,275,277.748994834008,33321,4,2,93,2,4,14,middle,1,female,2,right,2,1303.55669213379,540,happy,2,m_f_h,middle_female_happy,093_m_f_h_a.jpg,5,0.100026648000003,12,m_f_n,middle_female_neutral,093_m_f_n_a.jpg,6,4,0.0416777700000011,5,7,0.650173212000018,78,1.50039972000004,180
136,2.06721739200006,248,279.549474498008,33537,4,2,85,4,7,12,young,2,female,2,left,1,616.443307866211,540,fear,1,y_f_f,young_female_fear,085_y_f_f_a.jpg,10,0.100026648000003,12,y_f_n,young_female_neutral,085_y_f_n_a.jpg,12,2,0.0250066620000007,3,5,0.441784362000012,53,1.50039972000004,180
137,2.21725736400006,266,282.000127374008,33831,4,2,40,4,8,6,young,2,female,2,right,2,1303.55669213379,540,happy,2,y_f_h,young_female_happy,040_y_f_h_a.jpg,11,0.100026648000003,12,y_f_n,young_female_neutral,040_y_f_n_a.jpg,12,6,0.0750199860000021,9,6,0.541811010000015,65,1.50039972000004,180
138,2.03387517600006,244,283.875627024008,34056,4,2,57,3,6,9,young,2,male,1,right,2,1303.55669213379,540,happy,2,y_m_h,young_male_happy,057_y_m_h_a.jpg,8,0.100026648000003,12,y_m_n,young_male_neutral,057_y_m_n_a.jpg,9,9,0.200053296000005,24,3,0.233395512000006,28,1.50039972000004,180
139,2.19225070200006,263,286.426306548008,34362,4,2,35,2,4,5,middle,1,female,2,left,1,616.443307866211,540,happy,2,m_f_h,middle_female_happy,035_m_f_h_a.jpg,5,0.100026648000003,12,m_f_n,middle_female_neutral,035_m_f_n_a.jpg,6,5,0.0500133240000014,6,6,0.541811010000015,65,1.50039972000004,180
140,1.97552629800005,237,288.401832846008,34599,4,2,122,2,4,20,middle,1,female,2,right,2,1303.55669213379,540,happy,2,m_f_h,middle_female_happy,122_m_f_h_a.jpg,5,0.100026648000003,12,m_f_n,middle_female_neutral,122_m_f_n_a.jpg,6,10,0.250066620000007,30,2,0.125033310000003,15,1.50039972000004,180
141,2.45065287600007,294,290.252325834008,34821,4,2,61,2,4,9,middle,1,female,2,left,1,616.443307866211,540,happy,2,m_f_h,middle_female_happy,061_m_f_h_a.jpg,5,0.100026648000003,12,m_f_n,middle_female_neutral,061_m_f_n_a.jpg,6,9,0.200053296000005,24,7,0.650173212000018,78,1.50039972000004,180
142,2.16724404000006,260,291.902765526008,35019,4,2,72,3,6,12,young,2,male,1,right,2,1303.55669213379,540,happy,2,y_m_h,young_male_happy,072_y_m_h_a.jpg,8,0.100026648000003,12,y_m_n,young_male_neutral,072_y_m_n_a.jpg,9,2,0.0250066620000007,3,6,0.541811010000015,65,1.50039972000004,180
143,1.75880189400005,211,293.661567420008,35230,4,2,16,3,5,3,young,2,male,1,left,1,616.443307866211,540,fear,1,y_m_f,young_male_fear,016_y_m_f_a.jpg,7,0.100026648000003,12,y_m_n,young_male_neutral,016_y_m_n_a.jpg,9,3,0.0333422160000009,4,2,0.125033310000003,15,1.50039972000004,180
144,2.18391514800006,262,295.745455920008,35480,4,2,98,4,8,14,young,2,female,2,left,1,616.443307866211,540,happy,2,y_f_h,young_female_happy,098_y_f_h_a.jpg,11,0.100026648000003,12,y_f_n,young_female_neutral,098_y_f_n_a.jpg,12,4,0.0416777700000011,5,6,0.541811010000015,65,1.50039972000004,180
145,1.95051963600005,234,298.146095472008,35768,4,2,6,2,4,1,middle,1,female,2,right,2,1303.55669213379,540,happy,2,m_f_h,middle_female_happy,006_m_f_h_a.jpg,5,0.100026648000003,12,m_f_n,middle_female_neutral,006_m_f_n_a.jpg,6,1,0.0166711080000005,2,4,0.333422160000009,40,1.50039972000004,180
146,1.93384852800005,232,299.846548488008,35972,4,2,111,2,3,17,middle,1,female,2,left,1,616.443307866211,540,fear,1,m_f_f,middle_female_fear,111_m_f_f_a.jpg,4,0.100026648000003,12,m_f_n,middle_female_neutral,111_m_f_n_a.jpg,6,7,0.100026648000003,12,3,0.233395512000006,28,1.50039972000004,180
147,1.93384852800005,232,302.197174716008,36254,4,2,115,4,8,17,young,2,female,2,left,1,616.443307866211,540,happy,2,y_f_h,young_female_happy,115_y_f_h_a.jpg,11,0.100026648000003,12,y_f_n,young_female_neutral,115_y_f_n_a.jpg,12,7,0.100026648000003,12,3,0.233395512000006,28,1.50039972000004,180
148,1.86716409600005,224,304.697840916008,36554,4,2,16,3,5,3,young,2,male,1,right,2,1303.55669213379,540,fear,1,y_m_f,young_male_fear,016_y_m_f_a.jpg,7,0.100026648000003,12,y_m_n,young_male_neutral,016_y_m_n_a.jpg,9,3,0.0333422160000009,4,3,0.233395512000006,28,1.50039972000004,180
149,2.06721739200006,248,307.148493792008,36848,4,2,85,4,7,12,young,2,female,2,right,2,1303.55669213379,540,fear,1,y_f_f,young_female_fear,085_y_f_f_a.jpg,10,0.100026648000003,12,y_f_n,young_female_neutral,085_y_f_n_a.jpg,12,2,0.0250066620000007,3,5,0.441784362000012,53,1.50039972000004,180
150,2.08388850000006,250,309.749186640008,37160,4,2,108,1,1,18,middle,1,male,1,right,2,1303.55669213379,540,fear,1,m_m_f,middle_male_fear,108_m_m_f_a.jpg,1,0.100026648000003,12,m_m_n,middle_male_neutral,108_m_m_n_a.jpg,3,8,0.150039972000004,18,4,0.333422160000009,40,1.50039972000004,180
151,2.30061290400006,276,311.699706276008,37394,4,2,97,2,4,15,middle,1,female,2,left,1,616.443307866211,540,happy,2,m_f_h,middle_female_happy,097_m_f_h_a.jpg,5,0.100026648000003,12,m_f_n,middle_female_neutral,097_m_f_n_a.jpg,6,5,0.0500133240000014,6,7,0.650173212000018,78,1.50039972000004,180
152,1.82548632600005,219,313.558534818008,37617,4,2,51,1,1,7,middle,1,male,1,right,2,1303.55669213379,540,fear,1,m_m_f,middle_male_fear,051_m_m_f_a.jpg,1,0.100026648000003,12,m_m_n,middle_male_neutral,051_m_m_n_a.jpg,3,7,0.100026648000003,12,2,0.125033310000003,15,1.50039972000004,180
153,2.21725736400006,266,315.734114412009,37878,4,2,37,3,6,6,young,2,male,1,left,1,616.443307866211,540,happy,2,y_m_h,young_male_happy,037_y_m_h_a.jpg,8,0.100026648000003,12,y_m_n,young_male_neutral,037_y_m_n_a.jpg,9,6,0.0750199860000021,9,6,0.541811010000015,65,1.50039972000004,180
154,1.77547300200005,213,318.026391762009,38153,4,2,99,3,6,15,young,2,male,1,right,2,1303.55669213379,540,happy,2,y_m_h,young_male_happy,099_y_m_h_a.jpg,8,0.100026648000003,12,y_m_n,young_male_neutral,099_y_m_n_a.jpg,9,5,0.0500133240000014,6,2,0.125033310000003,15,1.50039972000004,180
155,2.29227735000006,275,320.327004666009,38429,4,2,28,4,8,4,young,2,female,2,left,1,616.443307866211,540,happy,2,y_f_h,young_female_happy,028_y_f_h_a.jpg,11,0.100026648000003,12,y_f_n,young_female_neutral,028_y_f_n_a.jpg,12,4,0.0416777700000011,5,7,0.650173212000018,78,1.50039972000004,180
156,1.97552629800005,237,322.544262030009,38695,4,2,25,3,6,4,young,2,male,1,right,2,1303.55669213379,540,happy,2,y_m_h,young_male_happy,025_y_m_h_a.jpg,8,0.100026648000003,12,y_m_n,young_male_neutral,025_y_m_n_a.jpg,9,4,0.0416777700000011,5,4,0.333422160000009,40,1.50039972000004,180
157,2.28394179600006,274,324.786526056009,38964,4,2,81,3,6,13,young,2,male,1,right,2,1303.55669213379,540,happy,2,y_m_h,young_male_happy,081_y_m_h_a.jpg,8,0.100026648000003,12,y_m_n,young_male_neutral,081_y_m_n_a.jpg,9,3,0.0333422160000009,4,7,0.650173212000018,78,1.50039972000004,180
158,2.08388850000006,250,327.187165608009,39252,4,2,28,4,8,4,young,2,female,2,left,1,616.443307866211,540,happy,2,y_f_h,young_female_happy,028_y_f_h_a.jpg,11,0.100026648000003,12,y_f_n,young_female_neutral,028_y_f_n_a.jpg,12,4,0.0416777700000011,5,5,0.441784362000012,53,1.50039972000004,180
159,1.97552629800005,237,329.529456282009,39533,4,2,25,3,5,4,young,2,male,1,right,2,1303.55669213379,540,fear,1,y_m_f,young_male_fear,025_y_m_f_a.jpg,7,0.100026648000003,12,y_m_n,young_male_neutral,025_y_m_n_a.jpg,9,4,0.0416777700000011,5,4,0.333422160000009,40,1.50039972000004,180
160,2.24226402600006,269,332.030122482009,39833,4,2,111,2,4,17,middle,1,female,2,right,2,1303.55669213379,540,happy,2,m_f_h,middle_female_happy,111_m_f_h_a.jpg,5,0.100026648000003,12,m_f_n,middle_female_neutral,111_m_f_n_a.jpg,6,7,0.100026648000003,12,6,0.541811010000015,65,1.50039972000004,180
161,2.39230399800007,287,334.297393170009,40105,5,3,69,4,7,10,young,2,female,2,right,2,1303.55669213379,540,fear,1,y_f_f,young_female_fear,069_y_f_f_a.jpg,10,0.100026648000003,12,y_f_n,young_female_neutral,069_y_f_n_a.jpg,12,10,0.250066620000007,30,6,0.541811010000015,65,1.50039972000004,180
162,2.21725736400006,266,335.947832862009,40303,5,3,106,4,7,16,young,2,female,2,right,2,1303.55669213379,540,fear,1,y_f_f,young_female_fear,106_y_f_f_a.jpg,10,0.100026648000003,12,y_f_n,young_female_neutral,106_y_f_n_a.jpg,12,6,0.0750199860000021,9,6,0.541811010000015,65,1.50039972000004,180
163,1.64210413800004,197,337.706634756009,40514,5,3,70,1,2,11,middle,1,male,1,left,1,616.443307866211,540,happy,2,m_m_h,middle_male_happy,070_m_m_h_a.jpg,2,0.100026648000003,12,m_m_n,middle_male_neutral,070_m_m_n_a.jpg,3,1,0.0166711080000005,2,1,0.0250066620000007,3,1.50039972000004,180
164,2.29227735000006,275,339.682161054009,40751,5,3,56,1,1,8,middle,1,male,1,right,2,1303.55669213379,540,fear,1,m_m_f,middle_male_fear,056_m_m_f_a.jpg,1,0.100026648000003,12,m_m_n,middle_male_neutral,056_m_m_n_a.jpg,3,8,0.150039972000004,18,6,0.541811010000015,65,1.50039972000004,180
165,1.93384852800005,232,341.874411756009,41014,5,3,104,1,1,17,middle,1,male,1,right,2,1303.55669213379,540,fear,1,m_m_f,middle_male_fear,104_m_m_f_a.jpg,1,0.100026648000003,12,m_m_n,middle_male_neutral,104_m_m_n_a.jpg,3,7,0.100026648000003,12,3,0.233395512000006,28,1.50039972000004,180
166,1.77547300200005,213,343.783253622009,41243,5,3,56,1,2,8,middle,1,male,1,right,2,1303.55669213379,540,happy,2,m_m_h,middle_male_happy,056_m_m_h_a.jpg,2,0.100026648000003,12,m_m_n,middle_male_neutral,056_m_m_n_a.jpg,3,8,0.150039972000004,18,1,0.0250066620000007,3,1.50039972000004,180
167,2.03387517600006,244,345.925491000009,41500,5,3,116,1,2,19,middle,1,male,1,left,1,616.443307866211,540,happy,2,m_m_h,middle_male_happy,116_m_m_h_a.jpg,2,0.100026648000003,12,m_m_n,middle_male_neutral,116_m_m_n_a.jpg,3,9,0.200053296000005,24,3,0.233395512000006,28,1.50039972000004,180
168,2.03387517600006,244,347.700964002009,41713,5,3,57,3,6,9,young,2,male,1,left,1,616.443307866211,540,happy,2,y_m_h,young_male_happy,057_y_m_h_a.jpg,8,0.100026648000003,12,y_m_n,young_male_neutral,057_y_m_n_a.jpg,9,9,0.200053296000005,24,3,0.233395512000006,28,1.50039972000004,180
169,1.64210413800004,197,350.043254676009,41994,5,3,70,1,1,11,middle,1,male,1,right,2,1303.55669213379,540,fear,1,m_m_f,middle_male_fear,070_m_m_f_a.jpg,1,0.100026648000003,12,m_m_n,middle_male_neutral,070_m_m_n_a.jpg,3,1,0.0166711080000005,2,1,0.0250066620000007,3,1.50039972000004,180
170,2.19225070200006,263,352.127143176009,42244,5,3,31,3,5,5,young,2,male,1,left,1,616.443307866211,540,fear,1,y_m_f,young_male_fear,031_y_m_f_a.jpg,7,0.100026648000003,12,y_m_n,young_male_neutral,031_y_m_n_a.jpg,9,5,0.0500133240000014,6,6,0.541811010000015,65,1.50039972000004,180
171,1.74213078600005,209,354.28605166201,42503,5,3,66,3,6,11,young,2,male,1,left,1,616.443307866211,540,happy,2,y_m_h,young_male_happy,066_y_m_h_a.jpg,8,0.100026648000003,12,y_m_n,young_male_neutral,066_y_m_n_a.jpg,9,1,0.0166711080000005,2,2,0.125033310000003,15,1.50039972000004,180
172,1.90884186600005,229,356.56165790401,42776,5,3,94,1,1,16,middle,1,male,1,left,1,616.443307866211,540,fear,1,m_m_f,middle_male_fear,094_m_m_f_a.jpg,1,0.100026648000003,12,m_m_n,middle_male_neutral,094_m_m_n_a.jpg,3,6,0.0750199860000021,9,3,0.233395512000006,28,1.50039972000004,180
173,1.75046634000005,210,358.94562634801,43062,5,3,11,2,3,2,middle,1,female,2,right,2,1303.55669213379,540,fear,1,m_f_f,middle_female_fear,011_m_f_f_a.jpg,4,0.100026648000003,12,m_f_n,middle_female_neutral,011_m_f_n_a.jpg,6,2,0.0250066620000007,3,2,0.125033310000003,15,1.50039972000004,180
174,1.98386185200005,238,360.71276379601,43274,5,3,97,2,3,15,middle,1,female,2,left,1,616.443307866211,540,fear,1,m_f_f,middle_female_fear,097_m_f_f_a.jpg,4,0.100026648000003,12,m_f_n,middle_female_neutral,097_m_f_n_a.jpg,6,5,0.0500133240000014,6,4,0.333422160000009,40,1.50039972000004,180
175,1.87549965000005,225,363.11340334801,43562,5,3,126,1,2,20,middle,1,male,1,right,2,1303.55669213379,540,happy,2,m_m_h,middle_male_happy,126_m_m_h_a.jpg,2,0.100026648000003,12,m_m_n,middle_male_neutral,126_m_m_n_a.jpg,3,10,0.250066620000007,30,1,0.0250066620000007,3,1.50039972000004,180
176,1.95051963600005,234,365.02224521401,43791,5,3,73,2,3,11,middle,1,female,2,left,1,616.443307866211,540,fear,1,m_f_f,middle_female_fear,073_m_f_f_a.jpg,4,0.100026648000003,12,m_f_n,middle_female_neutral,073_m_f_n_a.jpg,6,1,0.0166711080000005,2,4,0.333422160000009,40,1.50039972000004,180
177,1.72545967800005,207,367.47289809001,44085,5,3,48,4,7,7,young,2,female,2,left,1,616.443307866211,540,fear,1,y_f_f,young_female_fear,048_y_f_f_a.jpg,10,0.100026648000003,12,y_f_n,young_female_neutral,048_y_f_n_a.jpg,12,7,0.100026648000003,12,1,0.0250066620000007,3,1.50039972000004,180
178,2.50066620000007,300,369.45675994201,44323,5,3,113,2,3,18,middle,1,female,2,right,2,1303.55669213379,540,fear,1,m_f_f,middle_female_fear,113_m_f_f_a.jpg,4,0.100026648000003,12,m_f_n,middle_female_neutral,113_m_f_n_a.jpg,6,8,0.150039972000004,18,8,0.750199860000021,90,1.50039972000004,180
179,2.45065287600007,294,371.79905061601,44604,5,3,132,4,7,19,young,2,female,2,left,1,616.443307866211,540,fear,1,y_f_f,young_female_fear,132_y_f_f_a.jpg,10,0.100026648000003,12,y_f_n,young_female_neutral,132_y_f_n_a.jpg,12,9,0.200053296000005,24,7,0.650173212000018,78,1.50039972000004,180
180,2.08388850000006,250,374.19135461401,44891,5,3,49,3,5,8,young,2,male,1,right,2,1303.55669213379,540,fear,1,y_m_f,young_male_fear,049_y_m_f_a.jpg,7,0.100026648000003,12,y_m_n,young_male_neutral,049_y_m_n_a.jpg,9,8,0.150039972000004,18,4,0.333422160000009,40,1.50039972000004,180
181,2.60069284800007,312,376.55865195001,45175,5,3,62,3,5,10,young,2,male,1,right,2,1303.55669213379,540,fear,1,y_m_f,young_male_fear,062_y_m_f_a.jpg,7,0.100026648000003,12,y_m_n,young_male_neutral,062_y_m_n_a.jpg,9,10,0.250066620000007,30,8,0.750199860000021,90,1.50039972000004,180
182,2.00886851400006,241,378.83425819201,45448,5,3,40,4,7,6,young,2,female,2,left,1,616.443307866211,540,fear,1,y_f_f,young_female_fear,040_y_f_f_a.jpg,10,0.100026648000003,12,y_f_n,young_female_neutral,040_y_f_n_a.jpg,12,6,0.0750199860000021,9,4,0.333422160000009,40,1.50039972000004,180
183,2.29227735000006,275,380.70142228801,45672,5,3,125,4,7,18,young,2,female,2,right,2,1303.55669213379,540,fear,1,y_f_f,young_female_fear,125_y_f_f_a.jpg,10,0.100026648000003,12,y_f_n,young_female_neutral,125_y_f_n_a.jpg,12,8,0.150039972000004,18,6,0.541811010000015,65,1.50039972000004,180
184,1.98386185200005,238,382.67694858601,45909,5,3,125,4,8,18,young,2,female,2,left,1,616.443307866211,540,happy,2,y_f_h,young_female_happy,125_y_f_h_a.jpg,11,0.100026648000003,12,y_f_n,young_female_neutral,125_y_f_n_a.jpg,12,8,0.150039972000004,18,3,0.233395512000006,28,1.50039972000004,180
185,2.19225070200006,263,384.97756149001,46185,5,3,38,1,2,5,middle,1,male,1,left,1,616.443307866211,540,happy,2,m_m_h,middle_male_happy,038_m_m_h_a.jpg,2,0.100026648000003,12,m_m_n,middle_male_neutral,038_m_m_n_a.jpg,3,5,0.0500133240000014,6,6,0.541811010000015,65,1.50039972000004,180
186,2.08388850000006,250,386.77804115401,46401,5,3,28,4,7,4,young,2,female,2,left,1,616.443307866211,540,fear,1,y_f_f,young_female_fear,028_y_f_f_a.jpg,10,0.100026648000003,12,y_f_n,young_female_neutral,028_y_f_n_a.jpg,12,4,0.0416777700000011,5,5,0.441784362000012,53,1.50039972000004,180
187,2.39230399800007,287,388.50350083201,46608,5,3,68,1,2,10,middle,1,male,1,right,2,1303.55669213379,540,happy,2,m_m_h,middle_male_happy,068_m_m_h_a.jpg,2,0.100026648000003,12,m_m_n,middle_male_neutral,068_m_m_n_a.jpg,3,10,0.250066620000007,30,6,0.541811010000015,65,1.50039972000004,180
188,1.97552629800005,237,390.587389332011,46858,5,3,68,1,1,10,middle,1,male,1,right,2,1303.55669213379,540,fear,1,m_m_f,middle_male_fear,068_m_m_f_a.jpg,1,0.100026648000003,12,m_m_n,middle_male_neutral,068_m_m_n_a.jpg,3,10,0.250066620000007,30,2,0.125033310000003,15,1.50039972000004,180
189,2.24226402600006,269,392.621264508011,47102,5,3,116,1,1,19,middle,1,male,1,right,2,1303.55669213379,540,fear,1,m_m_f,middle_male_fear,116_m_m_f_a.jpg,1,0.100026648000003,12,m_m_n,middle_male_neutral,116_m_m_n_a.jpg,3,9,0.200053296000005,24,5,0.441784362000012,53,1.50039972000004,180
190,1.85049298800005,222,395.221957356011,47414,5,3,7,1,2,1,middle,1,male,1,left,1,616.443307866211,540,happy,2,m_m_h,middle_male_happy,007_m_m_h_a.jpg,2,0.100026648000003,12,m_m_n,middle_male_neutral,007_m_m_n_a.jpg,3,1,0.0166711080000005,2,3,0.233395512000006,28,1.50039972000004,180
191,1.87549965000005,225,397.280839194011,47661,5,3,126,1,1,20,middle,1,male,1,right,2,1303.55669213379,540,fear,1,m_m_f,middle_male_fear,126_m_m_f_a.jpg,1,0.100026648000003,12,m_m_n,middle_male_neutral,126_m_m_n_a.jpg,3,10,0.250066620000007,30,1,0.0250066620000007,3,1.50039972000004,180
192,2.40063955200007,288,399.556445436011,47934,5,3,54,4,8,8,young,2,female,2,left,1,616.443307866211,540,happy,2,y_f_h,young_female_happy,054_y_f_h_a.jpg,11,0.100026648000003,12,y_f_n,young_female_neutral,054_y_f_n_a.jpg,12,8,0.150039972000004,18,7,0.650173212000018,78,1.50039972000004,180
193,2.36729733600006,284,401.840387232011,48208,5,3,73,2,3,11,middle,1,female,2,left,1,616.443307866211,540,fear,1,m_f_f,middle_female_fear,073_m_f_f_a.jpg,4,0.100026648000003,12,m_f_n,middle_female_neutral,073_m_f_n_a.jpg,6,1,0.0166711080000005,2,8,0.750199860000021,90,1.50039972000004,180
194,2.18391514800006,262,403.715886882011,48433,5,3,69,4,8,10,young,2,female,2,left,1,616.443307866211,540,happy,2,y_f_h,young_female_happy,069_y_f_h_a.jpg,11,0.100026648000003,12,y_f_n,young_female_neutral,069_y_f_n_a.jpg,12,10,0.250066620000007,30,4,0.333422160000009,40,1.50039972000004,180
195,2.34229067400006,281,405.599722086011,48659,5,3,119,3,6,19,young,2,male,1,right,2,1303.55669213379,540,happy,2,y_m_h,young_male_happy,119_y_m_h_a.jpg,8,0.100026648000003,12,y_m_n,young_male_neutral,119_y_m_n_a.jpg,9,9,0.200053296000005,24,6,0.541811010000015,65,1.50039972000004,180
196,1.95051963600005,234,407.925341652011,48938,5,3,71,4,8,11,young,2,female,2,right,2,1303.55669213379,540,happy,2,y_f_h,young_female_happy,071_y_f_h_a.jpg,11,0.100026648000003,12,y_f_n,young_female_neutral,071_y_f_n_a.jpg,12,1,0.0166711080000005,2,4,0.333422160000009,40,1.50039972000004,180
197,2.18391514800006,262,410.067579030011,49195,5,3,29,2,4,4,middle,1,female,2,left,1,616.443307866211,540,happy,2,m_f_h,middle_female_happy,029_m_f_h_a.jpg,5,0.100026648000003,12,m_f_n,middle_female_neutral,029_m_f_n_a.jpg,6,4,0.0416777700000011,5,6,0.541811010000015,65,1.50039972000004,180
198,1.86716409600005,224,412.151467530011,49445,5,3,19,2,3,3,middle,1,female,2,right,2,1303.55669213379,540,fear,1,m_f_f,middle_female_fear,019_m_f_f_a.jpg,4,0.100026648000003,12,m_f_n,middle_female_neutral,019_m_f_n_a.jpg,6,3,0.0333422160000009,4,3,0.233395512000006,28,1.50039972000004,180
199,1.87549965000005,225,414.185342706011,49689,5,3,56,1,2,8,middle,1,male,1,right,2,1303.55669213379,540,happy,2,m_m_h,middle_male_happy,056_m_m_h_a.jpg,2,0.100026648000003,12,m_m_n,middle_male_neutral,056_m_m_n_a.jpg,3,8,0.150039972000004,18,2,0.125033310000003,15,1.50039972000004,180
200,1.97552629800005,237,416.060842356011,49914,5,3,25,3,5,4,young,2,male,1,left,1,616.443307866211,540,fear,1,y_m_f,young_male_fear,025_y_m_f_a.jpg,7,0.100026648000003,12,y_m_n,young_male_neutral,025_y_m_n_a.jpg,9,4,0.0416777700000011,5,4,0.333422160000009,40,1.50039972000004,180
201,2.11723071600006,254,418.328113044011,50186,6,3,43,2,3,6,middle,1,female,2,left,1,616.443307866211,540,fear,1,m_f_f,middle_female_fear,043_m_f_f_a.jpg,4,0.100026648000003,12,m_f_n,middle_female_neutral,043_m_f_n_a.jpg,6,6,0.0750199860000021,9,5,0.441784362000012,53,1.50039972000004,180
202,2.07555294600006,249,420.078579384011,50396,6,3,19,2,3,3,middle,1,female,2,right,2,1303.55669213379,540,fear,1,m_f_f,middle_female_fear,019_m_f_f_a.jpg,4,0.100026648000003,12,m_f_n,middle_female_neutral,019_m_f_n_a.jpg,6,3,0.0333422160000009,4,5,0.441784362000012,53,1.50039972000004,180
203,2.09222405400006,251,422.045770128011,50632,6,3,38,1,1,5,middle,1,male,1,right,2,1303.55669213379,540,fear,1,m_m_f,middle_male_fear,038_m_m_f_a.jpg,1,0.100026648000003,12,m_m_n,middle_male_neutral,038_m_m_n_a.jpg,3,5,0.0500133240000014,6,5,0.441784362000012,53,1.50039972000004,180
204,2.08388850000006,250,423.812907576011,50844,6,3,114,3,5,18,young,2,male,1,right,2,1303.55669213379,540,fear,1,y_m_f,young_male_fear,114_y_m_f_a.jpg,7,0.100026648000003,12,y_m_n,young_male_neutral,114_y_m_n_a.jpg,9,8,0.150039972000004,18,4,0.333422160000009,40,1.50039972000004,180
205,2.24226402600006,269,425.588380578011,51057,6,3,115,4,8,17,young,2,female,2,left,1,616.443307866211,540,happy,2,y_f_h,young_female_happy,115_y_f_h_a.jpg,11,0.100026648000003,12,y_f_n,young_female_neutral,115_y_f_n_a.jpg,12,7,0.100026648000003,12,6,0.541811010000015,65,1.50039972000004,180
206,1.85882854200005,223,427.388860242011,51273,6,3,20,4,8,2,young,2,female,2,right,2,1303.55669213379,540,happy,2,y_f_h,young_female_happy,020_y_f_h_a.jpg,11,0.100026648000003,12,y_f_n,young_female_neutral,020_y_f_n_a.jpg,12,2,0.0250066620000007,3,3,0.233395512000006,28,1.50039972000004,180
207,2.36729733600006,284,429.214346568011,51492,6,3,7,1,1,1,middle,1,male,1,right,2,1303.55669213379,540,fear,1,m_m_f,middle_male_fear,007_m_m_f_a.jpg,1,0.100026648000003,12,m_m_n,middle_male_neutral,007_m_m_n_a.jpg,3,1,0.0166711080000005,2,8,0.750199860000021,90,1.50039972000004,180
208,1.72545967800005,207,431.089846218011,51717,6,3,109,3,6,17,young,2,male,1,left,1,616.443307866211,540,happy,2,y_m_h,young_male_happy,109_y_m_h_a.jpg,8,0.100026648000003,12,y_m_n,young_male_neutral,109_y_m_n_a.jpg,9,7,0.100026648000003,12,1,0.0250066620000007,3,1.50039972000004,180
209,2.06721739200006,248,433.123721394012,51961,6,3,11,2,4,2,middle,1,female,2,left,1,616.443307866211,540,happy,2,m_f_h,middle_female_happy,011_m_f_h_a.jpg,5,0.100026648000003,12,m_f_n,middle_female_neutral,011_m_f_n_a.jpg,6,2,0.0250066620000007,3,5,0.441784362000012,53,1.50039972000004,180
210,2.40063955200007,288,435.207609894012,52211,6,3,92,1,1,15,middle,1,male,1,left,1,616.443307866211,540,fear,1,m_m_f,middle_male_fear,092_m_m_f_a.jpg,1,0.100026648000003,12,m_m_n,middle_male_neutral,092_m_m_n_a.jpg,3,5,0.0500133240000014,6,8,0.750199860000021,90,1.50039972000004,180
211,2.36729733600006,284,437.474880582012,52483,6,3,8,3,5,1,young,2,male,1,right,2,1303.55669213379,540,fear,1,y_m_f,young_male_fear,008_y_m_f_a.jpg,7,0.100026648000003,12,y_m_n,young_male_neutral,008_y_m_n_a.jpg,9,1,0.0166711080000005,2,8,0.750199860000021,90,1.50039972000004,180
212,1.75880189400005,211,439.850513472012,52768,6,3,19,2,4,3,middle,1,female,2,right,2,1303.55669213379,540,happy,2,m_f_h,middle_female_happy,019_m_f_h_a.jpg,5,0.100026648000003,12,m_f_n,middle_female_neutral,019_m_f_n_a.jpg,6,3,0.0333422160000009,4,2,0.125033310000003,15,1.50039972000004,180
213,1.90884186600005,229,442.134455268012,53042,6,3,105,3,5,16,young,2,male,1,left,1,616.443307866211,540,fear,1,y_m_f,young_male_fear,105_y_m_f_a.jpg,7,0.100026648000003,12,y_m_n,young_male_neutral,105_y_m_n_a.jpg,9,6,0.0750199860000021,9,3,0.233395512000006,28,1.50039972000004,180
214,2.40063955200007,288,444.218343768012,53292,6,3,101,4,8,15,young,2,female,2,right,2,1303.55669213379,540,happy,2,y_f_h,young_female_happy,101_y_f_h_a.jpg,11,0.100026648000003,12,y_f_n,young_female_neutral,101_y_f_n_a.jpg,12,5,0.0500133240000014,6,8,0.750199860000021,90,1.50039972000004,180
215,1.87549965000005,225,446.518956672012,53568,6,3,68,1,2,10,middle,1,male,1,left,1,616.443307866211,540,happy,2,m_m_h,middle_male_happy,068_m_m_h_a.jpg,2,0.100026648000003,12,m_m_n,middle_male_neutral,068_m_m_n_a.jpg,3,10,0.250066620000007,30,1,0.0250066620000007,3,1.50039972000004,180
216,2.35062622800006,282,448.527825186012,53809,6,3,50,2,4,7,middle,1,female,2,left,1,616.443307866211,540,happy,2,m_f_h,middle_female_happy,050_m_f_h_a.jpg,5,0.100026648000003,12,m_f_n,middle_female_neutral,050_m_f_n_a.jpg,6,7,0.100026648000003,12,7,0.650173212000018,78,1.50039972000004,180
217,2.19225070200006,263,450.253284864012,54016,6,3,108,1,1,18,middle,1,male,1,right,2,1303.55669213379,540,fear,1,m_m_f,middle_male_fear,108_m_m_f_a.jpg,1,0.100026648000003,12,m_m_n,middle_male_neutral,108_m_m_n_a.jpg,3,8,0.150039972000004,18,5,0.441784362000012,53,1.50039972000004,180
218,1.97552629800005,237,452.337173364012,54266,6,3,64,2,4,10,middle,1,female,2,right,2,1303.55669213379,540,happy,2,m_f_h,middle_female_happy,064_m_f_h_a.jpg,5,0.100026648000003,12,m_f_n,middle_female_neutral,064_m_f_n_a.jpg,6,10,0.250066620000007,30,2,0.125033310000003,15,1.50039972000004,180
219,1.77547300200005,213,454.679464038012,54547,6,3,34,4,7,5,young,2,female,2,left,1,616.443307866211,540,fear,1,y_f_f,young_female_fear,034_y_f_f_a.jpg,10,0.100026648000003,12,y_f_n,young_female_neutral,034_y_f_n_a.jpg,12,5,0.0500133240000014,6,2,0.125033310000003,15,1.50039972000004,180
220,1.87549965000005,225,456.654990336012,54784,6,3,68,1,1,10,middle,1,male,1,right,2,1303.55669213379,540,fear,1,m_m_f,middle_male_fear,068_m_m_f_a.jpg,1,0.100026648000003,12,m_m_n,middle_male_neutral,068_m_m_n_a.jpg,3,10,0.250066620000007,30,1,0.0250066620000007,3,1.50039972000004,180
221,2.50066620000007,300,459.022287672012,55068,6,3,49,3,6,8,young,2,male,1,left,1,616.443307866211,540,happy,2,y_m_h,young_male_happy,049_y_m_h_a.jpg,8,0.100026648000003,12,y_m_n,young_male_neutral,049_y_m_n_a.jpg,9,8,0.150039972000004,18,8,0.750199860000021,90,1.50039972000004,180
222,2.35062622800006,282,460.981142862012,55303,6,3,111,2,3,17,middle,1,female,2,left,1,616.443307866211,540,fear,1,m_f_f,middle_female_fear,111_m_f_f_a.jpg,4,0.100026648000003,12,m_f_n,middle_female_neutral,111_m_f_n_a.jpg,6,7,0.100026648000003,12,7,0.650173212000018,78,1.50039972000004,180
223,1.75046634000005,210,463.156722456012,55564,6,3,13,3,6,2,young,2,male,1,left,1,616.443307866211,540,happy,2,y_m_h,young_male_happy,013_y_m_h_a.jpg,8,0.100026648000003,12,y_m_n,young_male_neutral,013_y_m_n_a.jpg,9,2,0.0250066620000007,3,2,0.125033310000003,15,1.50039972000004,180
224,2.36729733600006,284,465.132248754012,55801,6,3,70,1,2,11,middle,1,male,1,left,1,616.443307866211,540,happy,2,m_m_h,middle_male_happy,070_m_m_h_a.jpg,2,0.100026648000003,12,m_m_n,middle_male_neutral,070_m_m_n_a.jpg,3,1,0.0166711080000005,2,8,0.750199860000021,90,1.50039972000004,180
225,2.50066620000007,300,467.224472808012,56052,6,3,52,2,4,8,middle,1,female,2,left,1,616.443307866211,540,happy,2,m_f_h,middle_female_happy,052_m_f_h_a.jpg,5,0.100026648000003,12,m_f_n,middle_female_neutral,052_m_f_n_a.jpg,6,8,0.150039972000004,18,8,0.750199860000021,90,1.50039972000004,180
226,1.85882854200005,223,469.441730172012,56318,6,3,14,1,1,2,middle,1,male,1,left,1,616.443307866211,540,fear,1,m_m_f,middle_male_fear,014_m_m_f_a.jpg,1,0.100026648000003,12,m_m_n,middle_male_neutral,014_m_m_n_a.jpg,3,2,0.0250066620000007,3,3,0.233395512000006,28,1.50039972000004,180
227,2.55067952400007,306,471.167189850013,56525,6,3,116,1,2,19,middle,1,male,1,right,2,1303.55669213379,540,happy,2,m_m_h,middle_male_happy,116_m_m_h_a.jpg,2,0.100026648000003,12,m_m_n,middle_male_neutral,116_m_m_n_a.jpg,3,9,0.200053296000005,24,8,0.750199860000021,90,1.50039972000004,180
228,2.24226402600006,269,473.667856050013,56825,6,3,61,2,3,9,middle,1,female,2,right,2,1303.55669213379,540,fear,1,m_f_f,middle_female_fear,061_m_f_f_a.jpg,4,0.100026648000003,12,m_f_n,middle_female_neutral,061_m_f_n_a.jpg,6,9,0.200053296000005,24,5,0.441784362000012,53,1.50039972000004,180
229,2.38396844400007,286,475.701731226013,57069,6,3,81,3,5,13,young,2,male,1,right,2,1303.55669213379,540,fear,1,y_m_f,young_male_fear,081_y_m_f_a.jpg,7,0.100026648000003,12,y_m_n,young_male_neutral,081_y_m_n_a.jpg,9,3,0.0333422160000009,4,8,0.750199860000021,90,1.50039972000004,180
230,2.35062622800006,282,478.302424074013,57381,6,3,104,1,2,17,middle,1,male,1,right,2,1303.55669213379,540,happy,2,m_m_h,middle_male_happy,104_m_m_h_a.jpg,2,0.100026648000003,12,m_m_n,middle_male_neutral,104_m_m_n_a.jpg,3,7,0.100026648000003,12,7,0.650173212000018,78,1.50039972000004,180
231,2.13390182400006,256,480.044554860013,57590,6,3,117,2,3,19,middle,1,female,2,right,2,1303.55669213379,540,fear,1,m_f_f,middle_female_fear,117_m_f_f_a.jpg,4,0.100026648000003,12,m_f_n,middle_female_neutral,117_m_f_n_a.jpg,6,9,0.200053296000005,24,4,0.333422160000009,40,1.50039972000004,180
232,1.95051963600005,234,482.211798900013,57850,6,3,71,4,7,11,young,2,female,2,right,2,1303.55669213379,540,fear,1,y_f_f,young_female_fear,071_y_f_f_a.jpg,10,0.100026648000003,12,y_f_n,young_female_neutral,071_y_f_n_a.jpg,12,1,0.0166711080000005,2,4,0.333422160000009,40,1.50039972000004,180
233,1.65043969200005,198,484.495740696013,58124,6,3,11,2,4,2,middle,1,female,2,right,2,1303.55669213379,540,happy,2,m_f_h,middle_female_happy,011_m_f_h_a.jpg,5,0.100026648000003,12,m_f_n,middle_female_neutral,011_m_f_n_a.jpg,6,2,0.0250066620000007,3,1,0.0250066620000007,3,1.50039972000004,180
234,1.90884186600005,229,486.788018046013,58399,6,3,94,1,1,16,middle,1,male,1,left,1,616.443307866211,540,fear,1,m_m_f,middle_male_fear,094_m_m_f_a.jpg,1,0.100026648000003,12,m_m_n,middle_male_neutral,094_m_m_n_a.jpg,3,6,0.0750199860000021,9,3,0.233395512000006,28,1.50039972000004,180
235,2.18391514800006,262,488.563491048013,58612,6,3,93,2,4,14,middle,1,female,2,right,2,1303.55669213379,540,happy,2,m_f_h,middle_female_happy,093_m_f_h_a.jpg,5,0.100026648000003,12,m_f_n,middle_female_neutral,093_m_f_n_a.jpg,6,4,0.0416777700000011,5,6,0.541811010000015,65,1.50039972000004,180
236,1.90884186600005,229,490.780748412013,58878,6,3,37,3,5,6,young,2,male,1,left,1,616.443307866211,540,fear,1,y_m_f,young_male_fear,037_y_m_f_a.jpg,7,0.100026648000003,12,y_m_n,young_male_neutral,037_y_m_n_a.jpg,9,6,0.0750199860000021,9,3,0.233395512000006,28,1.50039972000004,180
237,1.82548632600005,219,492.814623588013,59122,6,3,115,4,7,17,young,2,female,2,left,1,616.443307866211,540,fear,1,y_f_f,young_female_fear,115_y_f_f_a.jpg,10,0.100026648000003,12,y_f_n,young_female_neutral,115_y_f_n_a.jpg,12,7,0.100026648000003,12,2,0.125033310000003,15,1.50039972000004,180
238,2.26727068800006,272,495.106900938013,59397,6,3,6,2,3,1,middle,1,female,2,right,2,1303.55669213379,540,fear,1,m_f_f,middle_female_fear,006_m_f_f_a.jpg,4,0.100026648000003,12,m_f_n,middle_female_neutral,006_m_f_n_a.jpg,6,1,0.0166711080000005,2,7,0.650173212000018,78,1.50039972000004,180
239,1.98386185200005,238,497.032413912013,59628,6,3,101,4,7,15,young,2,female,2,left,1,616.443307866211,540,fear,1,y_f_f,young_female_fear,101_y_f_f_a.jpg,10,0.100026648000003,12,y_f_n,young_female_neutral,101_y_f_n_a.jpg,12,5,0.0500133240000014,6,4,0.333422160000009,40,1.50039972000004,180
240,2.27560624200006,273,499.116302412013,59878,6,3,72,3,5,12,young,2,male,1,left,1,616.443307866211,540,fear,1,y_m_f,young_male_fear,072_y_m_f_a.jpg,7,0.100026648000003,12,y_m_n,young_male_neutral,072_y_m_n_a.jpg,9,2,0.0250066620000007,3,7,0.650173212000018,78,1.50039972000004,180
241,2.08388850000006,250,501.175184250013,60125,7,4,87,1,1,14,middle,1,male,1,right,2,1303.55669213379,540,fear,1,m_m_f,middle_male_fear,087_m_m_f_a.jpg,1,0.100026648000003,12,m_m_n,middle_male_neutral,087_m_m_n_a.jpg,3,4,0.0416777700000011,5,5,0.441784362000012,53,1.50039972000004,180
242,2.19225070200006,263,503.342428290013,60385,7,4,52,2,3,8,middle,1,female,2,left,1,616.443307866211,540,fear,1,m_f_f,middle_female_fear,052_m_f_f_a.jpg,4,0.100026648000003,12,m_f_n,middle_female_neutral,052_m_f_n_a.jpg,6,8,0.150039972000004,18,5,0.441784362000012,53,1.50039972000004,180
243,2.03387517600006,244,505.417981236013,60634,7,4,119,3,5,19,young,2,male,1,left,1,616.443307866211,540,fear,1,y_m_f,young_male_fear,119_y_m_f_a.jpg,7,0.100026648000003,12,y_m_n,young_male_neutral,119_y_m_n_a.jpg,9,9,0.200053296000005,24,3,0.233395512000006,28,1.50039972000004,180
244,2.34229067400006,281,507.810285234014,60921,7,4,57,3,5,9,young,2,male,1,right,2,1303.55669213379,540,fear,1,y_m_f,young_male_fear,057_y_m_f_a.jpg,7,0.100026648000003,12,y_m_n,young_male_neutral,057_y_m_n_a.jpg,9,9,0.200053296000005,24,6,0.541811010000015,65,1.50039972000004,180
245,2.07555294600006,249,509.585758236014,61134,7,4,82,1,2,13,middle,1,male,1,left,1,616.443307866211,540,happy,2,m_m_h,middle_male_happy,082_m_m_h_a.jpg,2,0.100026648000003,12,m_m_n,middle_male_neutral,082_m_m_n_a.jpg,3,3,0.0333422160000009,4,5,0.441784362000012,53,1.50039972000004,180
246,1.66711080000005,200,511.594626750014,61375,7,4,29,2,3,4,middle,1,female,2,left,1,616.443307866211,540,fear,1,m_f_f,middle_female_fear,029_m_f_f_a.jpg,4,0.100026648000003,12,m_f_n,middle_female_neutral,029_m_f_n_a.jpg,6,4,0.0416777700000011,5,1,0.0250066620000007,3,1.50039972000004,180
247,2.36729733600006,284,513.736864128014,61632,7,4,10,4,7,1,young,2,female,2,left,1,616.443307866211,540,fear,1,y_f_f,young_female_fear,010_y_f_f_a.jpg,10,0.100026648000003,12,y_f_n,young_female_neutral,010_y_f_n_a.jpg,12,1,0.0166711080000005,2,8,0.750199860000021,90,1.50039972000004,180
248,1.82548632600005,219,516.137503680014,61920,7,4,41,3,6,7,young,2,male,1,right,2,1303.55669213379,540,happy,2,y_m_h,young_male_happy,041_y_m_h_a.jpg,8,0.100026648000003,12,y_m_n,young_male_neutral,041_y_m_n_a.jpg,9,7,0.100026648000003,12,2,0.125033310000003,15,1.50039972000004,180
249,2.03387517600006,244,518.479794354014,62201,7,4,58,1,2,9,middle,1,male,1,right,2,1303.55669213379,540,happy,2,m_m_h,middle_male_happy,058_m_m_h_a.jpg,2,0.100026648000003,12,m_m_n,middle_male_neutral,058_m_m_n_a.jpg,3,9,0.200053296000005,24,3,0.233395512000006,28,1.50039972000004,180
250,2.16724404000006,260,520.663709502014,62463,7,4,20,4,7,2,young,2,female,2,right,2,1303.55669213379,540,fear,1,y_f_f,young_female_fear,020_y_f_f_a.jpg,10,0.100026648000003,12,y_f_n,young_female_neutral,020_y_f_n_a.jpg,12,2,0.0250066620000007,3,6,0.541811010000015,65,1.50039972000004,180
251,1.87549965000005,225,522.614229138014,62697,7,4,113,2,4,18,middle,1,female,2,right,2,1303.55669213379,540,happy,2,m_f_h,middle_female_happy,113_m_f_h_a.jpg,5,0.100026648000003,12,m_f_n,middle_female_neutral,113_m_f_n_a.jpg,6,8,0.150039972000004,18,2,0.125033310000003,15,1.50039972000004,180
252,2.26727068800006,272,524.681446530014,62945,7,4,8,3,5,1,young,2,male,1,right,2,1303.55669213379,540,fear,1,y_m_f,young_male_fear,008_y_m_f_a.jpg,7,0.100026648000003,12,y_m_n,young_male_neutral,008_y_m_n_a.jpg,9,1,0.0166711080000005,2,7,0.650173212000018,78,1.50039972000004,180
253,2.03387517600006,244,526.648637274014,63181,7,4,109,3,6,17,young,2,male,1,left,1,616.443307866211,540,happy,2,y_m_h,young_male_happy,109_y_m_h_a.jpg,8,0.100026648000003,12,y_m_n,young_male_neutral,109_y_m_n_a.jpg,9,7,0.100026648000003,12,4,0.333422160000009,40,1.50039972000004,180
254,2.45065287600007,294,528.732525774014,63431,7,4,111,2,4,17,middle,1,female,2,left,1,616.443307866211,540,happy,2,m_f_h,middle_female_happy,111_m_f_h_a.jpg,5,0.100026648000003,12,m_f_n,middle_female_neutral,111_m_f_n_a.jpg,6,7,0.100026648000003,12,8,0.750199860000021,90,1.50039972000004,180
255,1.76713744800005,212,531.133165326014,63719,7,4,32,1,1,4,middle,1,male,1,right,2,1303.55669213379,540,fear,1,m_m_f,middle_male_fear,032_m_m_f_a.jpg,1,0.100026648000003,12,m_m_n,middle_male_neutral,032_m_m_n_a.jpg,3,4,0.0416777700000011,5,2,0.125033310000003,15,1.50039972000004,180
256,2.32561956600006,279,533.558811540014,64010,7,4,45,1,1,6,middle,1,male,1,left,1,616.443307866211,540,fear,1,m_m_f,middle_male_fear,045_m_m_f_a.jpg,1,0.100026648000003,12,m_m_n,middle_male_neutral,045_m_m_n_a.jpg,3,6,0.0750199860000021,9,7,0.650173212000018,78,1.50039972000004,180
257,1.87549965000005,225,535.284271218014,64217,7,4,123,3,5,20,young,2,male,1,left,1,616.443307866211,540,fear,1,y_m_f,young_male_fear,123_y_m_f_a.jpg,7,0.100026648000003,12,y_m_n,young_male_neutral,123_y_m_n_a.jpg,9,10,0.250066620000007,30,1,0.0250066620000007,3,1.50039972000004,180
258,1.95051963600005,234,537.576548568014,64492,7,4,73,2,4,11,middle,1,female,2,left,1,616.443307866211,540,happy,2,m_f_h,middle_female_happy,073_m_f_h_a.jpg,5,0.100026648000003,12,m_f_n,middle_female_neutral,073_m_f_n_a.jpg,6,1,0.0166711080000005,2,4,0.333422160000009,40,1.50039972000004,180
259,1.98386185200005,238,540.027201444014,64786,7,4,34,4,8,5,young,2,female,2,left,1,616.443307866211,540,happy,2,y_f_h,young_female_happy,034_y_f_h_a.jpg,11,0.100026648000003,12,y_f_n,young_female_neutral,034_y_f_n_a.jpg,12,5,0.0500133240000014,6,4,0.333422160000009,40,1.50039972000004,180
260,1.92551297400005,231,541.902701094014,65011,7,4,58,1,1,9,middle,1,male,1,left,1,616.443307866211,540,fear,1,m_m_f,middle_male_fear,058_m_m_f_a.jpg,1,0.100026648000003,12,m_m_n,middle_male_neutral,058_m_m_n_a.jpg,3,9,0.200053296000005,24,2,0.125033310000003,15,1.50039972000004,180
261,1.72545967800005,207,544.269998430014,65295,7,4,50,2,4,7,middle,1,female,2,right,2,1303.55669213379,540,happy,2,m_f_h,middle_female_happy,050_m_f_h_a.jpg,5,0.100026648000003,12,m_f_n,middle_female_neutral,050_m_f_n_a.jpg,6,7,0.100026648000003,12,1,0.0250066620000007,3,1.50039972000004,180
262,2.30061290400006,276,546.128826972015,65518,7,4,31,3,5,5,young,2,male,1,left,1,616.443307866211,540,fear,1,y_m_f,young_male_fear,031_y_m_f_a.jpg,7,0.100026648000003,12,y_m_n,young_male_neutral,031_y_m_n_a.jpg,9,5,0.0500133240000014,6,7,0.650173212000018,78,1.50039972000004,180
263,1.75046634000005,210,547.995991068015,65742,7,4,77,1,1,12,middle,1,male,1,left,1,616.443307866211,540,fear,1,m_m_f,middle_male_fear,077_m_m_f_a.jpg,1,0.100026648000003,12,m_m_n,middle_male_neutral,077_m_m_n_a.jpg,3,2,0.0250066620000007,3,2,0.125033310000003,15,1.50039972000004,180
264,1.82548632600005,219,550.079879568015,65992,7,4,132,4,8,19,young,2,female,2,right,2,1303.55669213379,540,happy,2,y_f_h,young_female_happy,132_y_f_h_a.jpg,11,0.100026648000003,12,y_f_n,young_female_neutral,132_y_f_n_a.jpg,12,9,0.200053296000005,24,1,0.0250066620000007,3,1.50039972000004,180
265,2.30061290400006,276,552.063741420015,66230,7,4,99,3,6,15,young,2,male,1,right,2,1303.55669213379,540,happy,2,y_m_h,young_male_happy,099_y_m_h_a.jpg,8,0.100026648000003,12,y_m_n,young_male_neutral,099_y_m_n_a.jpg,9,5,0.0500133240000014,6,7,0.650173212000018,78,1.50039972000004,180
266,2.50066620000007,300,554.280998784015,66496,7,4,134,4,8,20,young,2,female,2,left,1,616.443307866211,540,happy,2,y_f_h,young_female_happy,134_y_f_h_a.jpg,11,0.100026648000003,12,y_f_n,young_female_neutral,134_y_f_n_a.jpg,12,10,0.250066620000007,30,7,0.650173212000018,78,1.50039972000004,180
267,2.08388850000006,250,556.006458462015,66703,7,4,89,3,6,14,young,2,male,1,right,2,1303.55669213379,540,happy,2,y_m_h,young_male_happy,089_y_m_h_a.jpg,8,0.100026648000003,12,y_m_n,young_male_neutral,089_y_m_n_a.jpg,9,4,0.0416777700000011,5,5,0.441784362000012,53,1.50039972000004,180
268,1.86716409600005,224,557.881958112015,66928,7,4,26,1,1,3,middle,1,male,1,right,2,1303.55669213379,540,fear,1,m_m_f,middle_male_fear,026_m_m_f_a.jpg,1,0.100026648000003,12,m_m_n,middle_male_neutral,026_m_m_n_a.jpg,3,3,0.0333422160000009,4,3,0.233395512000006,28,1.50039972000004,180
269,2.40063955200007,288,560.124222138015,67197,7,4,52,2,3,8,middle,1,female,2,left,1,616.443307866211,540,fear,1,m_f_f,middle_female_fear,052_m_f_f_a.jpg,4,0.100026648000003,12,m_f_n,middle_female_neutral,052_m_f_n_a.jpg,6,8,0.150039972000004,18,7,0.650173212000018,78,1.50039972000004,180
270,2.17557959400006,261,562.516526136015,67484,7,4,82,1,1,13,middle,1,male,1,right,2,1303.55669213379,540,fear,1,m_m_f,middle_male_fear,082_m_m_f_a.jpg,1,0.100026648000003,12,m_m_n,middle_male_neutral,082_m_m_n_a.jpg,3,3,0.0333422160000009,4,6,0.541811010000015,65,1.50039972000004,180
271,2.28394179600006,274,564.675434622015,67743,7,4,81,3,6,13,young,2,male,1,right,2,1303.55669213379,540,happy,2,y_m_h,young_male_happy,081_y_m_h_a.jpg,8,0.100026648000003,12,y_m_n,young_male_neutral,081_y_m_n_a.jpg,9,3,0.0333422160000009,4,7,0.650173212000018,78,1.50039972000004,180
272,1.92551297400005,231,566.742652014015,67991,7,4,116,1,1,19,middle,1,male,1,right,2,1303.55669213379,540,fear,1,m_m_f,middle_male_fear,116_m_m_f_a.jpg,1,0.100026648000003,12,m_m_n,middle_male_neutral,116_m_m_n_a.jpg,3,9,0.200053296000005,24,2,0.125033310000003,15,1.50039972000004,180
273,2.60069284800007,312,568.609816110015,68215,7,4,62,3,6,10,young,2,male,1,left,1,616.443307866211,540,happy,2,y_m_h,young_male_happy,062_y_m_h_a.jpg,8,0.100026648000003,12,y_m_n,young_male_neutral,062_y_m_n_a.jpg,9,10,0.250066620000007,30,8,0.750199860000021,90,1.50039972000004,180
274,1.77547300200005,213,570.276926910015,68415,7,4,49,3,5,8,young,2,male,1,left,1,616.443307866211,540,fear,1,y_m_f,young_male_fear,049_y_m_f_a.jpg,7,0.100026648000003,12,y_m_n,young_male_neutral,049_y_m_n_a.jpg,9,8,0.150039972000004,18,1,0.0250066620000007,3,1.50039972000004,180
275,2.37563289000007,285,572.260788762015,68653,7,4,11,2,3,2,middle,1,female,2,left,1,616.443307866211,540,fear,1,m_f_f,middle_female_fear,011_m_f_f_a.jpg,4,0.100026648000003,12,m_f_n,middle_female_neutral,011_m_f_n_a.jpg,6,2,0.0250066620000007,3,8,0.750199860000021,90,1.50039972000004,180
276,2.40063955200007,288,574.478046126015,68919,7,4,99,3,5,15,young,2,male,1,right,2,1303.55669213379,540,fear,1,y_m_f,young_male_fear,099_y_m_f_a.jpg,7,0.100026648000003,12,y_m_n,young_male_neutral,099_y_m_n_a.jpg,9,5,0.0500133240000014,6,8,0.750199860000021,90,1.50039972000004,180
277,2.21725736400006,266,576.303532452015,69138,7,4,105,3,6,16,young,2,male,1,left,1,616.443307866211,540,happy,2,y_m_h,young_male_happy,105_y_m_h_a.jpg,8,0.100026648000003,12,y_m_n,young_male_neutral,105_y_m_n_a.jpg,9,6,0.0750199860000021,9,6,0.541811010000015,65,1.50039972000004,180
278,1.86716409600005,224,578.179032102015,69363,7,4,90,4,7,13,young,2,female,2,left,1,616.443307866211,540,fear,1,y_f_f,young_female_fear,090_y_f_f_a.jpg,10,0.100026648000003,12,y_f_n,young_female_neutral,090_y_f_n_a.jpg,12,3,0.0333422160000009,4,3,0.233395512000006,28,1.50039972000004,180
279,2.35062622800006,282,580.104545076015,69594,7,4,50,2,3,7,middle,1,female,2,right,2,1303.55669213379,540,fear,1,m_f_f,middle_female_fear,050_m_f_f_a.jpg,4,0.100026648000003,12,m_f_n,middle_female_neutral,050_m_f_n_a.jpg,6,7,0.100026648000003,12,7,0.650173212000018,78,1.50039972000004,180
280,2.40063955200007,288,582.705237924015,69906,7,4,35,2,3,5,middle,1,female,2,left,1,616.443307866211,540,fear,1,m_f_f,middle_female_fear,035_m_f_f_a.jpg,4,0.100026648000003,12,m_f_n,middle_female_neutral,035_m_f_n_a.jpg,6,5,0.0500133240000014,6,8,0.750199860000021,90,1.50039972000004,180
281,1.77547300200005,213,584.764119762015,70153,8,4,113,2,3,18,middle,1,female,2,left,1,616.443307866211,540,fear,1,m_f_f,middle_female_fear,113_m_f_f_a.jpg,4,0.100026648000003,12,m_f_n,middle_female_neutral,113_m_f_n_a.jpg,6,8,0.150039972000004,18,1,0.0250066620000007,3,1.50039972000004,180
282,1.72545967800005,207,586.622948304015,70376,8,4,41,3,6,7,young,2,male,1,right,2,1303.55669213379,540,happy,2,y_m_h,young_male_happy,041_y_m_h_a.jpg,8,0.100026648000003,12,y_m_n,young_male_neutral,041_y_m_n_a.jpg,9,7,0.100026648000003,12,1,0.0250066620000007,3,1.50039972000004,180
283,2.42564621400007,291,588.281723550015,70575,8,4,40,4,8,6,young,2,female,2,left,1,616.443307866211,540,happy,2,y_f_h,young_female_happy,040_y_f_h_a.jpg,11,0.100026648000003,12,y_f_n,young_female_neutral,040_y_f_n_a.jpg,12,6,0.0750199860000021,9,8,0.750199860000021,90,1.50039972000004,180
284,1.96719074400005,236,590.365612050016,70825,8,4,90,4,7,13,young,2,female,2,right,2,1303.55669213379,540,fear,1,y_f_f,young_female_fear,090_y_f_f_a.jpg,10,0.100026648000003,12,y_f_n,young_female_neutral,090_y_f_n_a.jpg,12,3,0.0333422160000009,4,4,0.333422160000009,40,1.50039972000004,180
285,2.28394179600006,274,592.349473902016,71063,8,4,90,4,8,13,young,2,female,2,left,1,616.443307866211,540,happy,2,y_f_h,young_female_happy,090_y_f_h_a.jpg,11,0.100026648000003,12,y_f_n,young_female_neutral,090_y_f_n_a.jpg,12,3,0.0333422160000009,4,7,0.650173212000018,78,1.50039972000004,180
286,2.18391514800006,262,594.775120116016,71354,8,4,69,4,8,10,young,2,female,2,right,2,1303.55669213379,540,happy,2,y_f_h,young_female_happy,069_y_f_h_a.jpg,11,0.100026648000003,12,y_f_n,young_female_neutral,069_y_f_n_a.jpg,12,10,0.250066620000007,30,4,0.333422160000009,40,1.50039972000004,180
287,2.05888183800006,247,596.917357494016,71611,8,4,7,1,2,1,middle,1,male,1,right,2,1303.55669213379,540,happy,2,m_m_h,middle_male_happy,007_m_m_h_a.jpg,2,0.100026648000003,12,m_m_n,middle_male_neutral,007_m_m_n_a.jpg,3,1,0.0166711080000005,2,5,0.441784362000012,53,1.50039972000004,180
288,1.65877524600005,199,598.792857144016,71836,8,4,22,4,8,3,young,2,female,2,left,1,616.443307866211,540,happy,2,y_f_h,young_female_happy,022_y_f_h_a.jpg,11,0.100026648000003,12,y_f_n,young_female_neutral,022_y_f_n_a.jpg,12,3,0.0333422160000009,4,1,0.0250066620000007,3,1.50039972000004,180
289,2.21725736400006,266,600.926758968016,72092,8,4,106,4,8,16,young,2,female,2,right,2,1303.55669213379,540,happy,2,y_f_h,young_female_happy,106_y_f_h_a.jpg,11,0.100026648000003,12,y_f_n,young_female_neutral,106_y_f_n_a.jpg,12,6,0.0750199860000021,9,6,0.541811010000015,65,1.50039972000004,180
290,1.72545967800005,207,603.110674116016,72354,8,4,115,4,7,17,young,2,female,2,right,2,1303.55669213379,540,fear,1,y_f_f,young_female_fear,115_y_f_f_a.jpg,10,0.100026648000003,12,y_f_n,young_female_neutral,115_y_f_n_a.jpg,12,7,0.100026648000003,12,1,0.0250066620000007,3,1.50039972000004,180
291,1.95885519000005,235,605.061193752016,72588,8,4,85,4,8,12,young,2,female,2,right,2,1303.55669213379,540,happy,2,y_f_h,young_female_happy,085_y_f_h_a.jpg,11,0.100026648000003,12,y_f_n,young_female_neutral,085_y_f_n_a.jpg,12,2,0.0250066620000007,3,4,0.333422160000009,40,1.50039972000004,180
292,2.06721739200006,248,607.020048942016,72823,8,4,14,1,1,2,middle,1,male,1,left,1,616.443307866211,540,fear,1,m_m_f,middle_male_fear,014_m_m_f_a.jpg,1,0.100026648000003,12,m_m_n,middle_male_neutral,014_m_m_n_a.jpg,3,2,0.0250066620000007,3,5,0.441784362000012,53,1.50039972000004,180
293,2.36729733600006,284,609.303990738016,73097,8,4,8,3,6,1,young,2,male,1,right,2,1303.55669213379,540,happy,2,y_m_h,young_male_happy,008_y_m_h_a.jpg,8,0.100026648000003,12,y_m_n,young_male_neutral,008_y_m_n_a.jpg,9,1,0.0166711080000005,2,8,0.750199860000021,90,1.50039972000004,180
294,1.95885519000005,235,611.696294736016,73384,8,4,80,2,3,12,middle,1,female,2,left,1,616.443307866211,540,fear,1,m_f_f,middle_female_fear,080_m_f_f_a.jpg,4,0.100026648000003,12,m_f_n,middle_female_neutral,080_m_f_n_a.jpg,6,2,0.0250066620000007,3,4,0.333422160000009,40,1.50039972000004,180
295,1.97552629800005,237,614.096934288016,73672,8,4,123,3,6,20,young,2,male,1,left,1,616.443307866211,540,happy,2,y_m_h,young_male_happy,123_y_m_h_a.jpg,8,0.100026648000003,12,y_m_n,young_male_neutral,123_y_m_n_a.jpg,9,10,0.250066620000007,30,2,0.125033310000003,15,1.50039972000004,180
296,2.39230399800007,287,616.214165004016,73926,8,4,98,4,8,14,young,2,female,2,left,1,616.443307866211,540,happy,2,y_f_h,young_female_happy,098_y_f_h_a.jpg,11,0.100026648000003,12,y_f_n,young_female_neutral,098_y_f_n_a.jpg,12,4,0.0416777700000011,5,8,0.750199860000021,90,1.50039972000004,180
297,2.42564621400007,291,618.148013532016,74158,8,4,43,2,4,6,middle,1,female,2,right,2,1303.55669213379,540,happy,2,m_f_h,middle_female_happy,043_m_f_h_a.jpg,5,0.100026648000003,12,m_f_n,middle_female_neutral,043_m_f_n_a.jpg,6,6,0.0750199860000021,9,8,0.750199860000021,90,1.50039972000004,180
298,2.40063955200007,288,620.131875384016,74396,8,4,101,4,7,15,young,2,female,2,right,2,1303.55669213379,540,fear,1,y_f_f,young_female_fear,101_y_f_f_a.jpg,10,0.100026648000003,12,y_f_n,young_female_neutral,101_y_f_n_a.jpg,12,5,0.0500133240000014,6,8,0.750199860000021,90,1.50039972000004,180
299,1.77547300200005,213,621.957361710016,74615,8,4,108,1,2,18,middle,1,male,1,left,1,616.443307866211,540,happy,2,m_m_h,middle_male_happy,108_m_m_h_a.jpg,2,0.100026648000003,12,m_m_n,middle_male_neutral,108_m_m_n_a.jpg,3,8,0.150039972000004,18,1,0.0250066620000007,3,1.50039972000004,180
300,2.45065287600007,294,624.458027910016,74915,8,4,109,3,5,17,young,2,male,1,right,2,1303.55669213379,540,fear,1,y_m_f,young_male_fear,109_y_m_f_a.jpg,7,0.100026648000003,12,y_m_n,young_male_neutral,109_y_m_n_a.jpg,9,7,0.100026648000003,12,8,0.750199860000021,90,1.50039972000004,180
301,2.26727068800006,272,626.200158696016,75124,8,4,66,3,6,11,young,2,male,1,left,1,616.443307866211,540,happy,2,y_m_h,young_male_happy,066_y_m_h_a.jpg,8,0.100026648000003,12,y_m_n,young_male_neutral,066_y_m_n_a.jpg,9,1,0.0166711080000005,2,7,0.650173212000018,78,1.50039972000004,180
302,1.92551297400005,231,628.475764938016,75397,8,4,119,3,6,19,young,2,male,1,right,2,1303.55669213379,540,happy,2,y_m_h,young_male_happy,119_y_m_h_a.jpg,8,0.100026648000003,12,y_m_n,young_male_neutral,119_y_m_n_a.jpg,9,9,0.200053296000005,24,2,0.125033310000003,15,1.50039972000004,180
303,1.97552629800005,237,630.342929034016,75621,8,4,29,2,3,4,middle,1,female,2,right,2,1303.55669213379,540,fear,1,m_f_f,middle_female_fear,029_m_f_f_a.jpg,4,0.100026648000003,12,m_f_n,middle_female_neutral,029_m_f_n_a.jpg,6,4,0.0416777700000011,5,4,0.333422160000009,40,1.50039972000004,180
304,2.29227735000006,275,632.635206384017,75896,8,4,64,2,3,10,middle,1,female,2,left,1,616.443307866211,540,fear,1,m_f_f,middle_female_fear,064_m_f_f_a.jpg,4,0.100026648000003,12,m_f_n,middle_female_neutral,064_m_f_n_a.jpg,6,10,0.250066620000007,30,5,0.441784362000012,53,1.50039972000004,180
305,1.86716409600005,224,634.619068236017,76134,8,4,22,4,8,3,young,2,female,2,right,2,1303.55669213379,540,happy,2,y_f_h,young_female_happy,022_y_f_h_a.jpg,11,0.100026648000003,12,y_f_n,young_female_neutral,022_y_f_n_a.jpg,12,3,0.0333422160000009,4,3,0.233395512000006,28,1.50039972000004,180
306,1.80047966400005,216,636.836325600017,76400,8,4,37,3,6,6,young,2,male,1,right,2,1303.55669213379,540,happy,2,y_m_h,young_male_happy,037_y_m_h_a.jpg,8,0.100026648000003,12,y_m_n,young_male_neutral,037_y_m_n_a.jpg,9,6,0.0750199860000021,9,2,0.125033310000003,15,1.50039972000004,180
307,1.77547300200005,213,638.870200776017,76644,8,4,56,1,1,8,middle,1,male,1,left,1,616.443307866211,540,fear,1,m_m_f,middle_male_fear,056_m_m_f_a.jpg,1,0.100026648000003,12,m_m_n,middle_male_neutral,056_m_m_n_a.jpg,3,8,0.150039972000004,18,1,0.0250066620000007,3,1.50039972000004,180
308,2.37563289000007,285,641.270840328017,76932,8,4,72,3,6,12,young,2,male,1,left,1,616.443307866211,540,happy,2,y_m_h,young_male_happy,072_y_m_h_a.jpg,8,0.100026648000003,12,y_m_n,young_male_neutral,072_y_m_n_a.jpg,9,2,0.0250066620000007,3,8,0.750199860000021,90,1.50039972000004,180
309,2.06721739200006,248,643.304715504017,77176,8,4,77,1,2,12,middle,1,male,1,right,2,1303.55669213379,540,happy,2,m_m_h,middle_male_happy,077_m_m_h_a.jpg,2,0.100026648000003,12,m_m_n,middle_male_neutral,077_m_m_n_a.jpg,3,2,0.0250066620000007,3,5,0.441784362000012,53,1.50039972000004,180
310,1.87549965000005,225,645.488630652017,77438,8,4,134,4,7,20,young,2,female,2,left,1,616.443307866211,540,fear,1,y_f_f,young_female_fear,134_y_f_f_a.jpg,10,0.100026648000003,12,y_f_n,young_female_neutral,134_y_f_n_a.jpg,12,10,0.250066620000007,30,1,0.0250066620000007,3,1.50039972000004,180
311,1.87549965000005,225,647.547512490017,77685,8,4,54,4,8,8,young,2,female,2,left,1,616.443307866211,540,happy,2,y_f_h,young_female_happy,054_y_f_h_a.jpg,11,0.100026648000003,12,y_f_n,young_female_neutral,054_y_f_n_a.jpg,12,8,0.150039972000004,18,2,0.125033310000003,15,1.50039972000004,180
312,1.70045301600005,204,649.197952182017,77883,8,4,103,2,3,16,middle,1,female,2,right,2,1303.55669213379,540,fear,1,m_f_f,middle_female_fear,103_m_f_f_a.jpg,4,0.100026648000003,12,m_f_n,middle_female_neutral,103_m_f_n_a.jpg,6,6,0.0750199860000021,9,1,0.0250066620000007,3,1.50039972000004,180
313,1.65043969200005,198,651.065116278017,78107,8,4,14,1,2,2,middle,1,male,1,left,1,616.443307866211,540,happy,2,m_m_h,middle_male_happy,014_m_m_h_a.jpg,2,0.100026648000003,12,m_m_n,middle_male_neutral,014_m_m_n_a.jpg,3,2,0.0250066620000007,3,1,0.0250066620000007,3,1.50039972000004,180
314,2.08388850000006,250,653.249031426017,78369,8,4,98,4,7,14,young,2,female,2,right,2,1303.55669213379,540,fear,1,y_f_f,young_female_fear,098_y_f_f_a.jpg,10,0.100026648000003,12,y_f_n,young_female_neutral,098_y_f_n_a.jpg,12,4,0.0416777700000011,5,5,0.441784362000012,53,1.50039972000004,180
315,1.97552629800005,237,655.132866630017,78595,8,4,64,2,3,10,middle,1,female,2,left,1,616.443307866211,540,fear,1,m_f_f,middle_female_fear,064_m_f_f_a.jpg,4,0.100026648000003,12,m_f_n,middle_female_neutral,064_m_f_n_a.jpg,6,10,0.250066620000007,30,2,0.125033310000003,15,1.50039972000004,180
316,1.67544635400005,201,657.350123994017,78861,8,4,35,2,3,5,middle,1,female,2,left,1,616.443307866211,540,fear,1,m_f_f,middle_female_fear,035_m_f_f_a.jpg,4,0.100026648000003,12,m_f_n,middle_female_neutral,035_m_f_n_a.jpg,6,5,0.0500133240000014,6,1,0.0250066620000007,3,1.50039972000004,180
317,1.76713744800005,212,659.592388020017,79130,8,4,87,1,2,14,middle,1,male,1,right,2,1303.55669213379,540,happy,2,m_m_h,middle_male_happy,087_m_m_h_a.jpg,2,0.100026648000003,12,m_m_n,middle_male_neutral,087_m_m_n_a.jpg,3,4,0.0416777700000011,5,2,0.125033310000003,15,1.50039972000004,180
318,2.29227735000006,275,662.093054220017,79430,8,4,32,1,1,4,middle,1,male,1,right,2,1303.55669213379,540,fear,1,m_m_f,middle_male_fear,032_m_m_f_a.jpg,1,0.100026648000003,12,m_m_n,middle_male_neutral,032_m_m_n_a.jpg,3,4,0.0416777700000011,5,7,0.650173212000018,78,1.50039972000004,180
319,1.72545967800005,207,664.435344894017,79711,8,4,41,3,5,7,young,2,male,1,right,2,1303.55669213379,540,fear,1,y_m_f,young_male_fear,041_y_m_f_a.jpg,7,0.100026648000003,12,y_m_n,young_male_neutral,041_y_m_n_a.jpg,9,7,0.100026648000003,12,1,0.0250066620000007,3,1.50039972000004,180
320,2.55067952400007,306,666.310844544017,79936,8,4,117,2,4,19,middle,1,female,2,right,2,1303.55669213379,540,happy,2,m_f_h,middle_female_happy,117_m_f_h_a.jpg,5,0.100026648000003,12,m_f_n,middle_female_neutral,117_m_f_n_a.jpg,6,9,0.200053296000005,24,8,0.750199860000021,90,1.50039972000004,180
